order_id,product_id,quantity,item_price
1,20,1,599.99
1,8,2,1799.99
1,10,2,1549
1,16,2,599.99
1,4,1,2899.99
2,20,1,599.99
2,16,2,599.99
3,3,1,999.99
3,20,1,599.99
4,2,2,749.99
5,10,2,1549
5,17,1,429
5,26,1,599.99
6,18,1,449
6,12,2,549.99
6,20,1,599.99
6,3,2,999.99
6,9,2,2999.99
7,15,1,529.99
7,3,1,999.99
7,17,2,429
8,22,1,269.99
8,20,2,599.99
9,7,2,3999.99
10,14,1,269.99
11,8,1,1799.99
11,22,2,269.99
11,16,2,599.99
12,4,2,2899.99
12,11,1,1680.99
13,13,1,269.99
13,17,2,429
13,20,2,599.99
13,16,2,599.99
14,6,1,469.99
15,12,2,549.99
15,8,1,1799.99
15,18,2,449
15,23,2,299.99
16,8,1,1799.99
16,21,1,269.99
16,13,2,269.99
16,14,1,269.99
17,8,1,1799.99
17,23,1,299.99
17,5,1,1320.99
17,20,2,599.99
18,2,2,749.99
18,22,1,269.99
18,7,1,3999.99
18,25,2,499.99
18,9,2,2999.99
19,10,1,1549
19,9,2,2999.99
20,9,1,2999.99
20,10,2,1549
21,14,1,269.99
21,17,1,429
21,10,1,1549
22,15,2,529.99
22,22,1,269.99
23,4,2,2899.99
23,23,2,299.99
23,13,1,269.99
24,3,2,999.99
24,18,2,449
25,23,2,299.99
25,10,2,1549
25,22,1,269.99
25,14,1,269.99
25,21,1,269.99
26,7,1,3999.99
26,2,1,749.99
26,12,1,549.99
26,21,2,269.99
27,5,1,1320.99
27,19,1,449
27,26,2,599.99
27,8,1,1799.99
28,5,1,1320.99
28,7,2,3999.99
28,14,2,269.99
28,6,1,469.99
29,24,2,549.99
29,6,1,469.99
29,21,2,269.99
29,8,1,1799.99
29,14,2,269.99
30,26,1,599.99
30,17,1,429
30,19,1,449
30,4,1,2899.99
30,7,2,3999.99
31,11,2,1680.99
31,9,2,2999.99
32,8,2,1799.99
32,12,2,549.99
32,25,2,499.99
33,23,2,299.99
33,7,1,3999.99
34,8,2,1799.99
34,10,2,1549
34,17,2,429
35,18,1,449
35,20,2,599.99
35,5,1,1320.99
35,21,2,269.99
35,22,1,269.99
36,9,1,2999.99
36,5,1,1320.99
36,3,2,999.99
37,16,2,599.99
38,7,2,3999.99
38,23,1,299.99
38,25,1,499.99
38,10,2,1549
38,24,1,549.99
39,22,2,269.99
39,16,2,599.99
39,3,2,999.99
39,15,1,529.99
40,17,1,429
40,8,2,1799.99
41,5,1,1320.99
41,19,2,449
41,26,2,599.99
42,19,1,449
43,13,2,269.99
43,12,2,549.99
44,7,1,3999.99
44,16,1,599.99
45,4,2,2899.99
45,22,1,269.99
45,21,2,269.99
46,17,1,429
47,6,1,469.99
47,15,1,529.99
47,25,2,499.99
47,13,1,269.99
48,11,1,1680.99
48,4,1,2899.99
48,5,2,1320.99
48,14,2,269.99
49,13,2,269.99
50,3,1,999.99
50,26,2,599.99
50,13,2,269.99
51,13,1,269.99
51,20,1,599.99
51,26,2,599.99
52,25,1,499.99
53,8,2,1799.99
53,23,2,299.99
53,14,2,269.99
53,25,2,499.99
54,26,2,599.99
54,3,1,999.99
55,21,1,269.99
55,25,2,499.99
55,15,2,529.99
56,20,2,599.99
57,23,2,299.99
57,19,2,449
57,13,1,269.99
58,14,2,269.99
58,18,1,449
58,23,1,299.99
59,21,1,269.99
59,2,1,749.99
59,17,2,429
60,14,2,269.99
60,4,1,2899.99
60,15,1,529.99
60,22,1,269.99
61,25,1,499.99
61,15,2,529.99
61,5,2,1320.99
62,14,1,269.99
62,8,2,1799.99
62,22,2,269.99
63,25,2,499.99
63,19,2,449
63,3,1,999.99
64,25,2,499.99
64,22,2,269.99
64,23,2,299.99
64,24,2,549.99
65,12,1,549.99
66,2,1,749.99
66,23,1,299.99
66,12,1,549.99
67,23,2,299.99
67,12,2,549.99
67,21,1,269.99
67,5,2,1320.99
67,19,1,449
68,13,2,269.99
68,17,1,429
69,22,2,269.99
69,5,1,1320.99
69,10,1,1549
70,3,2,999.99
70,18,1,449
70,20,1,599.99
71,26,2,599.99
71,24,1,549.99
71,18,1,449
72,17,2,429
72,12,1,549.99
72,13,2,269.99
73,22,1,269.99
73,26,2,599.99
73,3,2,999.99
73,25,1,499.99
73,23,2,299.99
74,16,2,599.99
74,6,1,469.99
75,3,1,999.99
75,7,2,3999.99
75,15,1,529.99
76,12,1,549.99
76,11,2,1680.99
76,5,1,1320.99
77,20,1,599.99
77,24,2,549.99
77,26,1,599.99
77,25,1,499.99
78,17,1,429
78,19,1,449
78,18,2,449
78,14,2,269.99
79,9,2,2999.99
79,17,2,429
79,6,1,469.99
79,25,2,499.99
80,26,1,599.99
80,24,1,549.99
80,17,1,429
81,10,2,1549
81,23,2,299.99
81,25,2,499.99
82,25,2,499.99
82,11,2,1680.99
83,20,1,599.99
83,3,2,999.99
84,23,2,299.99
84,15,2,529.99
85,4,2,2899.99
85,18,1,449
86,9,2,2999.99
86,23,2,299.99
86,21,2,269.99
86,15,1,529.99
87,20,2,599.99
87,23,2,299.99
88,10,1,1549
88,8,2,1799.99
88,7,1,3999.99
89,5,1,1320.99
89,6,2,469.99
90,3,1,999.99
90,6,1,469.99
91,11,1,1680.99
91,25,1,499.99
91,15,2,529.99
91,13,2,269.99
92,8,1,1799.99
93,22,2,269.99
93,17,1,429
93,21,1,269.99
93,2,1,749.99
93,10,2,1549
94,12,1,549.99
94,4,1,2899.99
94,11,1,1680.99
94,21,2,269.99
95,10,2,1549
95,19,1,449
95,8,2,1799.99
95,20,2,599.99
96,26,1,599.99
96,23,1,299.99
97,20,2,599.99
97,2,1,749.99
97,6,2,469.99
97,19,1,449
98,19,1,449
98,21,1,269.99
98,2,1,749.99
98,22,2,269.99
99,13,1,269.99
99,21,1,269.99
99,25,2,499.99
99,7,2,3999.99
99,23,2,299.99
100,12,2,549.99
100,11,2,1680.99
100,7,2,3999.99
100,16,2,599.99
100,24,2,549.99
101,12,2,549.99
102,15,1,529.99
102,22,1,269.99
103,17,1,429
103,3,1,999.99
103,18,1,449
103,15,2,529.99
103,9,2,2999.99
104,19,2,449
104,26,1,599.99
105,11,2,1680.99
105,3,1,999.99
105,9,1,2999.99
106,17,1,429
106,13,2,269.99
107,19,1,449
107,13,2,269.99
108,11,1,1680.99
108,22,2,269.99
108,16,2,599.99
109,22,2,269.99
109,6,1,469.99
110,14,1,269.99
111,14,1,269.99
111,12,2,549.99
112,23,2,299.99
112,25,2,499.99
112,24,2,549.99
112,5,1,1320.99
113,12,2,549.99
113,24,2,549.99
113,6,1,469.99
113,23,1,299.99
113,5,2,1320.99
114,12,1,549.99
114,2,1,749.99
114,13,2,269.99
115,22,1,269.99
115,19,1,449
116,26,1,599.99
117,22,2,269.99
117,26,1,599.99
117,14,1,269.99
117,19,1,449
118,18,1,449
118,4,1,2899.99
118,6,1,469.99
118,3,2,999.99
118,23,2,299.99
119,25,1,499.99
120,13,2,269.99
120,6,2,469.99
120,10,2,1549
120,17,1,429
120,16,2,599.99
121,5,1,1320.99
121,14,2,269.99
121,4,2,2899.99
121,24,2,549.99
121,2,2,749.99
122,16,1,599.99
123,12,2,549.99
124,16,1,599.99
124,4,1,2899.99
124,7,2,3999.99
125,17,1,429
126,9,2,2999.99
127,17,1,429
127,20,1,599.99
127,4,2,2899.99
128,24,2,549.99
128,16,2,599.99
128,4,2,2899.99
128,3,2,999.99
129,18,1,449
129,9,1,2999.99
130,26,1,599.99
130,5,2,1320.99
131,22,2,269.99
131,4,2,2899.99
131,24,2,549.99
132,2,2,749.99
132,20,1,599.99
132,9,1,2999.99
133,13,2,269.99
133,22,1,269.99
134,19,2,449
134,2,2,749.99
134,18,2,449
135,5,2,1320.99
135,18,2,449
135,25,1,499.99
135,2,1,749.99
136,7,2,3999.99
136,3,2,999.99
137,23,1,299.99
137,22,1,269.99
138,16,2,599.99
138,6,1,469.99
139,19,2,449
139,3,1,999.99
140,15,1,529.99
140,21,1,269.99
140,12,2,549.99
140,3,1,999.99
141,18,1,449
142,16,2,599.99
142,11,2,1680.99
142,19,1,449
143,6,1,469.99
144,8,2,1799.99
145,11,1,1680.99
145,9,2,2999.99
146,3,2,999.99
146,12,1,549.99
146,20,2,599.99
146,6,2,469.99
146,2,1,749.99
147,26,2,599.99
148,14,1,269.99
149,12,2,549.99
149,21,2,269.99
150,7,1,3999.99
150,3,1,999.99
150,17,1,429
150,25,2,499.99
151,17,1,429
151,26,1,599.99
152,6,2,469.99
152,22,2,269.99
152,16,2,599.99
153,16,1,599.99
153,8,1,1799.99
153,15,2,529.99
154,12,1,549.99
155,8,1,1799.99
156,18,2,449
156,17,2,429
156,6,1,469.99
157,4,1,2899.99
157,7,2,3999.99
158,24,1,549.99
159,13,1,269.99
160,21,1,269.99
160,15,2,529.99
160,18,2,449
160,11,1,1680.99
161,24,2,549.99
161,22,1,269.99
161,7,2,3999.99
162,18,1,449
162,21,2,269.99
162,3,2,999.99
163,12,1,549.99
163,18,1,449
164,4,2,2899.99
164,10,2,1549
164,14,1,269.99
165,4,2,2899.99
165,23,1,299.99
165,2,1,749.99
166,10,2,1549
166,11,1,1680.99
167,12,1,549.99
167,10,1,1549
167,13,2,269.99
167,7,2,3999.99
168,6,1,469.99
168,11,2,1680.99
168,12,2,549.99
168,22,2,269.99
169,20,2,599.99
169,5,1,1320.99
169,10,1,1549
169,11,1,1680.99
169,14,2,269.99
170,12,2,549.99
170,24,1,549.99
170,7,1,3999.99
170,18,2,449
171,8,1,1799.99
172,23,1,299.99
172,16,1,599.99
173,14,1,269.99
173,16,1,599.99
173,20,2,599.99
174,22,2,269.99
174,19,2,449
175,5,1,1320.99
175,2,2,749.99
175,21,2,269.99
175,19,1,449
176,2,2,749.99
176,11,2,1680.99
176,16,2,599.99
177,20,2,599.99
178,10,2,1549
178,12,1,549.99
178,3,1,999.99
178,18,1,449
179,13,2,269.99
179,26,1,599.99
179,18,1,449
179,12,2,549.99
179,20,2,599.99
180,16,1,599.99
181,10,1,1549
181,11,1,1680.99
181,15,2,529.99
181,24,2,549.99
182,25,2,499.99
182,24,2,549.99
183,11,2,1680.99
183,12,2,549.99
183,19,1,449
183,17,1,429
184,4,1,2899.99
184,5,1,1320.99
184,14,1,269.99
185,20,1,599.99
185,8,1,1799.99
186,4,1,2899.99
186,6,1,469.99
187,5,1,1320.99
188,7,2,3999.99
189,16,2,599.99
190,24,1,549.99
190,15,1,529.99
190,3,2,999.99
191,25,1,499.99
191,12,2,549.99
191,3,1,999.99
191,8,2,1799.99
191,23,1,299.99
192,8,2,1799.99
192,25,1,499.99
192,2,1,749.99
192,24,2,549.99
192,10,2,1549
193,12,2,549.99
194,21,2,269.99
195,18,1,449
195,14,1,269.99
195,5,2,1320.99
195,4,2,2899.99
195,21,2,269.99
196,6,1,469.99
196,3,2,999.99
196,10,2,1549
196,12,1,549.99
196,20,1,599.99
197,4,2,2899.99
197,2,2,749.99
198,6,2,469.99
198,20,2,599.99
198,8,2,1799.99
198,13,2,269.99
198,17,1,429
199,25,2,499.99
199,18,2,449
199,4,1,2899.99
200,23,2,299.99
200,22,2,269.99
201,24,1,549.99
201,7,1,3999.99
201,14,2,269.99
201,17,1,429
202,8,1,1799.99
202,17,1,429
202,15,2,529.99
202,25,2,499.99
203,26,1,599.99
203,3,2,999.99
203,17,2,429
203,19,2,449
204,6,2,469.99
204,17,2,429
205,22,2,269.99
205,24,2,549.99
206,25,1,499.99
206,20,1,599.99
207,12,2,549.99
207,5,1,1320.99
207,11,2,1680.99
207,7,2,3999.99
208,6,2,469.99
208,4,2,2899.99
208,3,1,999.99
208,12,1,549.99
208,10,2,1549
209,13,1,269.99
210,14,1,269.99
210,13,2,269.99
211,10,1,1549
211,2,2,749.99
212,16,2,599.99
212,12,2,549.99
212,19,1,449
212,7,1,3999.99
213,13,1,269.99
214,21,1,269.99
215,19,1,449
215,12,2,549.99
216,22,2,269.99
216,16,2,599.99
217,18,1,449
217,10,2,1549
217,17,1,429
218,2,2,749.99
218,13,1,269.99
218,12,1,549.99
219,26,1,599.99
219,5,1,1320.99
220,6,2,469.99
220,25,1,499.99
220,22,2,269.99
220,3,2,999.99
221,11,2,1680.99
222,10,1,1549
222,2,2,749.99
223,7,2,3999.99
223,5,1,1320.99
223,21,2,269.99
223,20,1,599.99
223,15,1,529.99
224,6,1,469.99
224,11,2,1680.99
224,10,2,1549
224,25,1,499.99
225,21,1,269.99
225,9,1,2999.99
226,2,1,749.99
227,3,2,999.99
227,15,2,529.99
228,25,1,499.99
228,2,2,749.99
228,23,2,299.99
228,4,1,2899.99
228,22,1,269.99
229,25,2,499.99
229,5,2,1320.99
229,8,1,1799.99
230,11,2,1680.99
231,8,2,1799.99
231,14,2,269.99
231,5,2,1320.99
232,18,1,449
232,11,2,1680.99
232,26,2,599.99
232,8,2,1799.99
233,14,1,269.99
233,16,2,599.99
233,12,1,549.99
233,15,2,529.99
234,11,2,1680.99
234,17,2,429
234,12,1,549.99
234,7,1,3999.99
234,23,1,299.99
235,6,1,469.99
235,13,2,269.99
235,7,2,3999.99
236,3,2,999.99
236,2,2,749.99
236,4,2,2899.99
237,15,1,529.99
237,24,1,549.99
237,20,2,599.99
237,26,1,599.99
238,20,2,599.99
238,25,1,499.99
238,13,2,269.99
238,22,2,269.99
238,7,1,3999.99
239,16,2,599.99
239,21,2,269.99
239,18,1,449
239,4,2,2899.99
240,9,1,2999.99
240,8,1,1799.99
240,5,1,1320.99
240,18,2,449
241,7,1,3999.99
242,3,1,999.99
243,25,2,499.99
243,19,2,449
243,7,2,3999.99
244,19,1,449
244,25,1,499.99
244,22,1,269.99
245,10,2,1549
245,8,1,1799.99
246,17,2,429
247,25,1,499.99
247,3,1,999.99
248,13,1,269.99
248,26,2,599.99
248,17,1,429
248,9,1,2999.99
249,7,2,3999.99
249,18,2,449
249,22,1,269.99
250,17,2,429
250,11,2,1680.99
251,23,2,299.99
251,22,2,269.99
252,11,2,1680.99
252,4,1,2899.99
252,19,1,449
253,11,2,1680.99
254,6,2,469.99
254,3,1,999.99
254,12,1,549.99
255,5,2,1320.99
255,14,1,269.99
255,2,2,749.99
255,21,1,269.99
256,11,1,1680.99
256,21,1,269.99
257,8,2,1799.99
257,13,2,269.99
257,10,2,1549
257,15,1,529.99
258,8,2,1799.99
258,4,1,2899.99
258,19,1,449
258,18,1,449
259,26,1,599.99
259,6,2,469.99
259,2,2,749.99
259,4,1,2899.99
260,23,2,299.99
260,10,1,1549
260,24,2,549.99
261,16,2,599.99
261,14,1,269.99
261,17,2,429
262,2,1,749.99
262,9,2,2999.99
263,9,1,2999.99
263,3,1,999.99
263,2,2,749.99
264,10,1,1549
264,24,2,549.99
264,15,2,529.99
264,3,2,999.99
265,9,2,2999.99
266,6,2,469.99
266,19,1,449
266,25,1,499.99
267,22,2,269.99
267,23,2,299.99
267,24,1,549.99
267,7,2,3999.99
267,21,1,269.99
268,7,1,3999.99
268,6,2,469.99
268,9,1,2999.99
269,5,1,1320.99
269,23,2,299.99
269,18,1,449
269,3,1,999.99
270,25,2,499.99
270,15,1,529.99
271,11,2,1680.99
271,6,2,469.99
271,13,1,269.99
271,7,2,3999.99
272,2,2,749.99
272,11,1,1680.99
273,21,1,269.99
274,11,2,1680.99
274,25,2,499.99
274,9,2,2999.99
275,18,1,449
275,25,1,499.99
275,7,2,3999.99
276,3,2,999.99
276,17,1,429
276,9,2,2999.99
277,20,2,599.99
277,6,2,469.99
277,13,2,269.99
278,16,1,599.99
278,19,2,449
278,13,1,269.99
278,11,2,1680.99
279,25,1,499.99
280,25,1,499.99
280,26,2,599.99
280,13,1,269.99
281,22,1,269.99
281,14,2,269.99
281,7,2,3999.99
282,20,1,599.99
282,7,2,3999.99
282,3,2,999.99
282,16,2,599.99
283,9,1,2999.99
283,16,2,599.99
284,24,2,549.99
284,20,1,599.99
285,16,2,599.99
285,12,1,549.99
285,2,1,749.99
286,26,2,599.99
286,21,2,269.99
286,16,2,599.99
286,7,1,3999.99
287,5,1,1320.99
287,10,1,1549
287,2,1,749.99
287,20,1,599.99
288,4,1,2899.99
288,10,1,1549
288,7,2,3999.99
289,13,1,269.99
289,24,1,549.99
289,17,1,429
290,2,2,749.99
290,5,2,1320.99
290,21,1,269.99
291,6,2,469.99
291,21,2,269.99
292,18,2,449
292,4,1,2899.99
292,10,2,1549
293,19,2,449
293,6,1,469.99
294,18,1,449
294,14,1,269.99
294,7,2,3999.99
294,25,2,499.99
295,22,2,269.99
296,25,2,499.99
296,12,2,549.99
296,11,2,1680.99
296,9,1,2999.99
297,4,2,2899.99
298,23,1,299.99
298,6,2,469.99
298,22,1,269.99
298,9,1,2999.99
298,14,2,269.99
299,11,2,1680.99
299,10,2,1549
300,16,2,599.99
300,9,2,2999.99
300,10,1,1549
300,11,2,1680.99
301,6,1,469.99
301,22,1,269.99
302,24,2,549.99
302,18,2,449
302,2,2,749.99
303,8,2,1799.99
303,24,2,549.99
304,10,1,1549
304,7,2,3999.99
304,20,1,599.99
305,10,1,1549
305,6,1,469.99
305,3,2,999.99
306,10,1,1549
306,22,1,269.99
307,15,2,529.99
308,7,1,3999.99
308,18,2,449
308,14,1,269.99
309,3,1,999.99
309,12,1,549.99
310,7,2,3999.99
310,14,2,269.99
310,5,2,1320.99
310,8,1,1799.99
311,17,2,429
311,5,2,1320.99
312,24,2,549.99
312,14,2,269.99
312,16,2,599.99
313,4,1,2899.99
313,10,2,1549
314,5,1,1320.99
314,9,1,2999.99
314,22,2,269.99
314,7,2,3999.99
315,11,1,1680.99
315,9,1,2999.99
316,2,2,749.99
316,16,2,599.99
316,20,1,599.99
316,19,1,449
316,17,1,429
317,10,1,1549
317,22,1,269.99
317,15,1,529.99
317,13,2,269.99
318,13,2,269.99
318,25,2,499.99
318,9,1,2999.99
319,11,1,1680.99
319,21,1,269.99
319,15,2,529.99
319,23,1,299.99
320,2,1,749.99
321,4,2,2899.99
321,12,2,549.99
321,26,1,599.99
321,23,2,299.99
322,13,2,269.99
322,21,1,269.99
323,13,2,269.99
323,26,2,599.99
324,2,2,749.99
324,17,1,429
324,22,2,269.99
324,19,1,449
324,12,1,549.99
325,7,1,3999.99
325,12,1,549.99
325,6,2,469.99
326,12,1,549.99
326,23,1,299.99
327,12,2,549.99
327,13,1,269.99
327,4,1,2899.99
328,6,2,469.99
329,14,2,269.99
329,8,2,1799.99
329,23,1,299.99
329,17,1,429
329,26,2,599.99
330,21,2,269.99
331,17,2,429
332,18,2,449
333,18,2,449
333,8,2,1799.99
333,3,1,999.99
334,16,2,599.99
334,9,1,2999.99
334,3,2,999.99
335,6,1,469.99
335,2,2,749.99
335,21,1,269.99
336,4,1,2899.99
336,12,1,549.99
337,18,1,449
337,4,1,2899.99
338,6,2,469.99
338,10,1,1549
338,22,1,269.99
338,11,2,1680.99
338,9,1,2999.99
339,13,1,269.99
339,15,2,529.99
340,11,1,1680.99
340,24,1,549.99
340,13,2,269.99
340,12,2,549.99
340,10,2,1549
341,23,2,299.99
342,26,1,599.99
342,9,1,2999.99
342,16,2,599.99
343,20,2,599.99
343,25,1,499.99
343,5,2,1320.99
343,10,1,1549
344,22,1,269.99
344,18,2,449
344,14,1,269.99
345,18,2,449
345,24,2,549.99
346,13,1,269.99
346,23,1,299.99
346,21,1,269.99
346,15,1,529.99
346,18,2,449
347,23,1,299.99
348,5,2,1320.99
348,15,2,529.99
349,20,2,599.99
350,6,2,469.99
350,20,1,599.99
350,3,1,999.99
351,4,2,2899.99
351,24,2,549.99
351,20,1,599.99
351,22,2,269.99
352,11,1,1680.99
352,14,1,269.99
353,2,2,749.99
354,21,1,269.99
354,19,1,449
355,16,1,599.99
355,14,2,269.99
356,23,2,299.99
356,4,1,2899.99
356,13,1,269.99
357,17,2,429
357,21,2,269.99
357,24,1,549.99
357,9,1,2999.99
358,21,2,269.99
358,6,2,469.99
358,8,2,1799.99
358,18,2,449
359,15,2,529.99
359,9,2,2999.99
359,7,2,3999.99
360,26,1,599.99
360,7,2,3999.99
360,13,2,269.99
360,25,1,499.99
361,24,2,549.99
361,6,2,469.99
361,11,1,1680.99
362,2,1,749.99
363,21,2,269.99
363,14,1,269.99
363,15,1,529.99
363,20,1,599.99
364,25,2,499.99
365,24,2,549.99
366,21,1,269.99
366,4,1,2899.99
366,16,2,599.99
367,26,2,599.99
367,14,1,269.99
367,10,2,1549
368,5,1,1320.99
368,10,2,1549
368,21,2,269.99
368,19,1,449
369,10,2,1549
370,25,2,499.99
370,4,2,2899.99
371,14,1,269.99
371,12,1,549.99
372,11,1,1680.99
372,14,2,269.99
372,5,1,1320.99
373,8,2,1799.99
373,22,1,269.99
373,19,2,449
373,12,1,549.99
373,13,1,269.99
374,10,1,1549
374,7,1,3999.99
375,21,2,269.99
375,2,2,749.99
375,4,2,2899.99
375,12,2,549.99
376,2,2,749.99
376,23,2,299.99
377,8,1,1799.99
377,14,1,269.99
378,26,2,599.99
379,9,1,2999.99
379,16,1,599.99
380,16,1,599.99
380,11,2,1680.99
381,21,2,269.99
382,8,1,1799.99
382,9,1,2999.99
382,13,1,269.99
383,19,1,449
383,22,2,269.99
383,13,1,269.99
383,21,2,269.99
383,14,1,269.99
384,20,1,599.99
384,21,2,269.99
384,8,1,1799.99
384,15,1,529.99
384,4,1,2899.99
385,21,1,269.99
385,7,2,3999.99
385,26,2,599.99
386,8,1,1799.99
386,3,2,999.99
386,16,2,599.99
387,18,1,449
388,19,2,449
388,13,2,269.99
388,2,1,749.99
388,11,1,1680.99
389,2,1,749.99
389,15,2,529.99
389,10,2,1549
389,5,1,1320.99
389,9,1,2999.99
390,23,1,299.99
390,7,2,3999.99
390,9,1,2999.99
391,8,1,1799.99
391,5,2,1320.99
391,24,2,549.99
392,14,2,269.99
392,3,2,999.99
393,6,2,469.99
394,23,1,299.99
394,16,1,599.99
394,14,2,269.99
395,14,1,269.99
396,12,1,549.99
396,25,2,499.99
396,5,1,1320.99
397,7,1,3999.99
398,8,2,1799.99
398,18,2,449
398,25,1,499.99
398,17,1,429
399,25,1,499.99
399,11,2,1680.99
399,14,1,269.99
400,24,2,549.99
400,9,1,2999.99
400,3,2,999.99
401,23,1,299.99
401,10,2,1549
402,6,2,469.99
402,5,1,1320.99
402,26,1,599.99
403,12,2,549.99
403,7,2,3999.99
403,22,2,269.99
403,24,1,549.99
404,9,1,2999.99
404,25,2,499.99
404,16,2,599.99
405,3,2,999.99
405,10,2,1549
405,14,2,269.99
406,4,1,2899.99
407,20,1,599.99
407,5,1,1320.99
408,18,1,449
408,3,1,999.99
408,2,2,749.99
408,17,2,429
409,15,1,529.99
409,16,2,599.99
409,21,1,269.99
410,25,1,499.99
410,9,2,2999.99
410,24,2,549.99
411,2,1,749.99
411,26,2,599.99
412,7,1,3999.99
412,24,1,549.99
412,17,1,429
413,8,2,1799.99
413,25,1,499.99
413,9,1,2999.99
414,4,2,2899.99
415,3,1,999.99
415,23,2,299.99
415,5,1,1320.99
415,6,2,469.99
416,22,1,269.99
416,14,1,269.99
416,24,1,549.99
417,26,2,599.99
417,6,2,469.99
418,12,1,549.99
418,20,1,599.99
419,9,1,2999.99
420,17,2,429
420,15,2,529.99
420,3,2,999.99
421,6,2,469.99
421,3,2,999.99
421,20,2,599.99
421,4,1,2899.99
421,23,2,299.99
422,20,2,599.99
423,8,2,1799.99
423,17,1,429
423,23,2,299.99
423,2,1,749.99
424,22,1,269.99
424,6,1,469.99
425,6,1,469.99
425,21,2,269.99
425,19,1,449
426,10,1,1549
426,23,2,299.99
427,12,2,549.99
427,15,2,529.99
427,26,2,599.99
428,5,2,1320.99
428,14,1,269.99
429,11,1,1680.99
429,4,2,2899.99
429,5,2,1320.99
429,6,1,469.99
429,2,1,749.99
430,22,2,269.99
430,11,1,1680.99
430,4,2,2899.99
430,13,2,269.99
430,8,1,1799.99
431,14,2,269.99
431,6,1,469.99
431,18,1,449
431,13,2,269.99
431,19,1,449
432,10,2,1549
432,7,2,3999.99
433,6,1,469.99
433,10,1,1549
433,24,1,549.99
433,4,1,2899.99
434,21,1,269.99
434,20,1,599.99
434,9,1,2999.99
434,11,2,1680.99
434,18,2,449
435,22,1,269.99
435,9,1,2999.99
435,18,1,449
436,3,1,999.99
436,23,1,299.99
437,3,1,999.99
437,10,1,1549
437,8,2,1799.99
438,4,1,2899.99
438,22,1,269.99
438,8,2,1799.99
438,13,2,269.99
439,6,2,469.99
439,7,2,3999.99
440,19,2,449
440,4,2,2899.99
441,12,1,549.99
441,15,1,529.99
442,16,2,599.99
442,26,2,599.99
442,6,2,469.99
443,5,1,1320.99
443,26,1,599.99
444,22,1,269.99
444,15,2,529.99
444,20,2,599.99
444,16,1,599.99
444,10,2,1549
445,7,1,3999.99
445,16,1,599.99
445,23,1,299.99
446,22,1,269.99
446,16,2,599.99
447,4,2,2899.99
447,3,1,999.99
447,8,1,1799.99
448,13,2,269.99
448,6,2,469.99
449,17,2,429
449,2,1,749.99
449,7,2,3999.99
449,26,2,599.99
450,24,1,549.99
450,12,1,549.99
450,5,1,1320.99
451,14,2,269.99
452,11,1,1680.99
452,16,1,599.99
452,7,2,3999.99
452,8,1,1799.99
453,23,1,299.99
453,20,2,599.99
453,4,1,2899.99
454,25,2,499.99
454,13,2,269.99
454,24,2,549.99
455,9,1,2999.99
456,17,2,429
456,23,1,299.99
457,24,2,549.99
457,2,1,749.99
457,7,2,3999.99
457,17,1,429
458,2,1,749.99
458,21,2,269.99
458,11,1,1680.99
458,24,1,549.99
458,3,2,999.99
459,11,1,1680.99
460,19,1,449
460,18,2,449
460,4,1,2899.99
460,22,2,269.99
461,16,1,599.99
461,4,1,2899.99
461,8,2,1799.99
461,24,1,549.99
461,18,2,449
462,12,2,549.99
463,13,2,269.99
464,7,1,3999.99
465,6,2,469.99
465,25,2,499.99
466,19,2,449
466,6,1,469.99
466,7,2,3999.99
466,15,1,529.99
466,5,1,1320.99
467,19,1,449
467,10,1,1549
467,22,2,269.99
467,17,2,429
467,11,1,1680.99
468,19,1,449
468,9,2,2999.99
468,10,2,1549
468,25,1,499.99
469,8,2,1799.99
469,4,1,2899.99
469,15,2,529.99
470,18,1,449
470,13,1,269.99
470,8,2,1799.99
471,14,1,269.99
471,13,2,269.99
472,15,1,529.99
472,21,2,269.99
473,26,1,599.99
474,19,2,449
474,11,1,1680.99
475,17,2,429
475,26,2,599.99
475,25,1,499.99
476,22,2,269.99
476,4,2,2899.99
476,11,2,1680.99
476,20,2,599.99
477,6,1,469.99
477,10,1,1549
478,21,2,269.99
479,26,1,599.99
479,12,1,549.99
479,21,1,269.99
479,7,1,3999.99
479,10,1,1549
480,4,1,2899.99
480,15,1,529.99
480,23,2,299.99
481,13,2,269.99
481,16,2,599.99
481,9,2,2999.99
482,13,1,269.99
482,14,1,269.99
483,17,1,429
484,8,2,1799.99
484,24,1,549.99
484,9,2,2999.99
484,6,1,469.99
485,13,1,269.99
485,26,2,599.99
486,9,1,2999.99
486,23,2,299.99
487,6,1,469.99
488,13,2,269.99
488,23,2,299.99
488,22,1,269.99
489,8,2,1799.99
490,12,1,549.99
490,23,1,299.99
490,14,1,269.99
490,13,2,269.99
491,9,2,2999.99
491,21,2,269.99
491,15,2,529.99
492,6,1,469.99
492,22,2,269.99
492,26,1,599.99
493,15,1,529.99
493,18,2,449
493,26,1,599.99
494,23,1,299.99
495,22,1,269.99
495,9,1,2999.99
496,23,1,299.99
496,13,1,269.99
496,21,2,269.99
497,25,2,499.99
498,24,1,549.99
498,21,1,269.99
498,10,1,1549
499,11,1,1680.99
499,15,1,529.99
499,14,2,269.99
499,20,2,599.99
500,12,2,549.99
500,14,1,269.99
501,19,2,449
501,8,1,1799.99
501,14,1,269.99
501,23,2,299.99
502,13,1,269.99
503,13,2,269.99
503,10,1,1549
504,24,2,549.99
504,2,2,749.99
505,26,1,599.99
506,25,1,499.99
506,7,1,3999.99
507,11,2,1680.99
507,13,2,269.99
507,20,2,599.99
508,8,1,1799.99
508,2,2,749.99
508,10,2,1549
508,25,1,499.99
509,23,2,299.99
509,4,2,2899.99
510,17,1,429
511,22,2,269.99
511,13,1,269.99
512,21,1,269.99
513,7,1,3999.99
513,13,1,269.99
513,23,1,299.99
514,18,2,449
514,17,2,429
515,8,1,1799.99
515,5,1,1320.99
515,25,2,499.99
515,6,2,469.99
516,7,1,3999.99
516,5,2,1320.99
517,21,2,269.99
518,16,2,599.99
518,5,2,1320.99
518,25,2,499.99
518,15,2,529.99
518,11,2,1680.99
519,6,1,469.99
519,16,1,599.99
519,23,2,299.99
519,18,2,449
519,7,1,3999.99
520,26,1,599.99
520,24,1,549.99
520,10,1,1549
521,5,1,1320.99
521,14,1,269.99
522,4,2,2899.99
522,22,2,269.99
522,21,1,269.99
523,12,1,549.99
523,20,1,599.99
523,5,2,1320.99
523,16,2,599.99
524,11,1,1680.99
524,2,1,749.99
524,9,1,2999.99
524,3,2,999.99
524,26,1,599.99
525,9,2,2999.99
525,6,2,469.99
525,10,1,1549
526,3,2,999.99
526,8,1,1799.99
526,21,1,269.99
526,15,1,529.99
527,18,2,449
527,4,1,2899.99
527,19,1,449
527,9,2,2999.99
528,21,2,269.99
529,12,2,549.99
530,2,2,749.99
530,4,1,2899.99
530,6,2,469.99
531,6,1,469.99
531,12,2,549.99
531,25,1,499.99
532,17,2,429
532,16,2,599.99
532,12,1,549.99
533,4,1,2899.99
533,12,2,549.99
533,10,1,1549
533,25,1,499.99
534,21,2,269.99
534,9,2,2999.99
534,2,1,749.99
534,24,2,549.99
535,24,1,549.99
535,15,1,529.99
535,22,2,269.99
536,22,1,269.99
536,2,1,749.99
536,12,2,549.99
536,14,1,269.99
537,10,1,1549
537,26,1,599.99
537,17,2,429
537,25,2,499.99
538,2,2,749.99
539,9,2,2999.99
539,23,1,299.99
539,21,2,269.99
540,19,1,449
540,26,2,599.99
540,23,2,299.99
541,22,2,269.99
542,16,2,599.99
542,9,1,2999.99
542,20,1,599.99
542,19,2,449
543,25,1,499.99
543,18,1,449
543,26,2,599.99
544,12,1,549.99
544,17,1,429
544,21,1,269.99
545,25,2,499.99
545,6,1,469.99
545,24,1,549.99
545,20,2,599.99
546,17,2,429
546,8,1,1799.99
546,18,2,449
547,11,2,1680.99
547,9,1,2999.99
547,5,1,1320.99
548,8,1,1799.99
548,11,2,1680.99
549,15,1,529.99
549,16,1,599.99
549,3,1,999.99
549,7,1,3999.99
549,13,2,269.99
550,4,1,2899.99
551,16,1,599.99
551,26,1,599.99
551,11,2,1680.99
551,15,2,529.99
552,23,1,299.99
552,2,1,749.99
552,24,1,549.99
552,18,1,449
552,19,2,449
553,24,1,549.99
553,18,2,449
553,12,1,549.99
554,3,2,999.99
554,22,1,269.99
554,4,2,2899.99
555,8,1,1799.99
555,7,1,3999.99
555,20,2,599.99
556,16,1,599.99
556,4,2,2899.99
557,9,2,2999.99
557,10,1,1549
558,7,1,3999.99
558,16,1,599.99
558,9,1,2999.99
558,21,2,269.99
558,10,2,1549
559,15,2,529.99
559,6,1,469.99
559,7,2,3999.99
560,16,1,599.99
560,26,2,599.99
561,15,2,529.99
561,18,1,449
561,5,1,1320.99
561,17,2,429
562,25,2,499.99
562,26,1,599.99
563,6,2,469.99
563,19,1,449
563,13,2,269.99
564,4,1,2899.99
564,15,1,529.99
565,18,1,449
565,25,2,499.99
565,9,1,2999.99
565,17,1,429
566,24,2,549.99
566,7,2,3999.99
566,8,1,1799.99
566,21,2,269.99
567,9,1,2999.99
567,5,1,1320.99
568,5,1,1320.99
568,10,1,1549
569,16,1,599.99
569,24,2,549.99
570,18,1,449
570,24,2,549.99
570,3,2,999.99
570,11,1,1680.99
570,16,1,599.99
571,4,1,2899.99
571,9,1,2999.99
572,3,1,999.99
572,13,2,269.99
572,11,2,1680.99
573,2,1,749.99
574,26,1,599.99
574,13,2,269.99
574,12,2,549.99
574,23,2,299.99
574,11,2,1680.99
575,4,2,2899.99
575,12,1,549.99
576,9,1,2999.99
577,3,2,999.99
578,21,1,269.99
578,25,2,499.99
578,18,2,449
578,8,2,1799.99
579,7,2,3999.99
579,6,1,469.99
580,16,2,599.99
580,15,1,529.99
580,21,2,269.99
580,9,2,2999.99
580,19,1,449
581,8,2,1799.99
582,10,2,1549
582,17,2,429
583,15,2,529.99
584,19,1,449
584,23,1,299.99
584,15,1,529.99
584,22,1,269.99
584,8,2,1799.99
585,10,1,1549
585,18,2,449
585,15,1,529.99
585,12,2,549.99
586,11,2,1680.99
586,23,2,299.99
587,24,1,549.99
587,23,1,299.99
587,18,1,449
587,21,1,269.99
588,10,2,1549
588,23,1,299.99
589,15,2,529.99
590,2,2,749.99
590,20,1,599.99
590,8,2,1799.99
590,5,2,1320.99
590,24,1,549.99
591,16,2,599.99
591,25,2,499.99
591,2,2,749.99
592,21,2,269.99
592,16,1,599.99
592,18,2,449
593,3,2,999.99
593,25,1,499.99
594,26,1,599.99
594,21,2,269.99
595,4,1,2899.99
595,19,2,449
595,3,1,999.99
595,10,1,1549
595,26,2,599.99
596,5,1,1320.99
596,23,2,299.99
596,9,1,2999.99
597,17,2,429
597,8,1,1799.99
598,4,2,2899.99
598,16,2,599.99
598,14,1,269.99
599,9,2,2999.99
599,22,2,269.99
599,23,1,299.99
599,10,2,1549
600,26,2,599.99
600,4,1,2899.99
600,18,2,449
601,12,2,549.99
602,15,2,529.99
602,5,2,1320.99
603,12,1,549.99
603,4,1,2899.99
604,10,2,1549
604,9,2,2999.99
605,19,1,449
605,25,2,499.99
605,13,2,269.99
605,11,1,1680.99
606,6,2,469.99
606,18,2,449
607,11,2,1680.99
607,26,2,599.99
607,14,1,269.99
608,4,2,2899.99
608,7,2,3999.99
608,24,1,549.99
609,10,1,1549
609,7,1,3999.99
609,22,2,269.99
609,5,1,1320.99
610,26,1,599.99
610,24,1,549.99
610,18,2,449
610,3,1,999.99
610,8,1,1799.99
611,16,2,599.99
612,13,1,269.99
612,14,1,269.99
612,17,1,429
612,20,1,599.99
613,9,2,2999.99
613,18,2,449
613,12,1,549.99
614,18,1,449
614,21,1,269.99
615,11,1,1680.99
615,23,1,299.99
615,6,2,469.99
615,19,2,449
616,24,1,549.99
616,16,2,599.99
617,15,2,529.99
617,11,2,1680.99
618,17,2,429
618,11,1,1680.99
619,25,1,499.99
620,5,2,1320.99
621,17,2,429
622,9,2,2999.99
622,18,1,449
622,10,1,1549
622,25,1,499.99
623,8,1,1799.99
624,21,2,269.99
624,16,1,599.99
624,22,1,269.99
624,14,2,269.99
625,17,1,429
625,11,2,1680.99
625,26,1,599.99
625,23,2,299.99
626,15,1,529.99
627,19,1,449
627,9,2,2999.99
627,26,1,599.99
628,15,2,529.99
629,19,1,449
629,5,2,1320.99
629,23,2,299.99
629,14,2,269.99
629,6,2,469.99
630,5,1,1320.99
630,25,1,499.99
630,18,2,449
630,21,2,269.99
631,24,2,549.99
631,15,2,529.99
632,25,1,499.99
632,11,2,1680.99
632,15,1,529.99
632,6,1,469.99
632,22,2,269.99
633,12,2,549.99
633,13,2,269.99
633,5,2,1320.99
633,10,2,1549
634,4,2,2899.99
634,12,1,549.99
635,4,1,2899.99
636,85,2,329.99
637,9,1,2999.99
637,106,2,449.99
638,103,1,551.99
638,56,1,5499.99
638,53,2,749.99
639,15,1,529.99
639,73,1,749.99
639,72,1,619.99
639,61,2,4999.99
640,106,2,449.99
640,32,1,469.99
640,30,1,999.99
640,76,2,299.99
640,109,2,416.99
641,15,1,529.99
641,62,1,3499.99
641,64,1,489.99
642,68,2,449.99
643,53,1,749.99
644,9,1,2999.99
645,99,1,299.99
645,42,2,2299.99
645,6,1,469.99
645,47,2,5299.99
645,21,2,269.99
646,15,2,529.99
646,4,1,2899.99
646,95,1,299.99
646,12,1,549.99
647,25,2,499.99
647,13,1,269.99
648,24,1,549.99
649,97,2,349.99
649,90,1,209.99
649,11,2,1680.99
649,78,1,647.99
650,3,1,999.99
651,79,1,402.99
651,85,1,329.99
651,102,2,489.99
651,94,2,249.99
652,102,1,489.99
652,62,2,3499.99
652,67,2,250.99
652,23,1,299.99
652,74,1,439.99
653,6,1,469.99
653,43,1,5299.99
653,2,2,749.99
653,80,1,761.99
653,88,2,189.99
654,9,1,2999.99
654,95,1,299.99
654,110,2,470.99
654,97,2,349.99
655,67,1,250.99
656,83,1,149.99
656,22,1,269.99
656,33,2,469.99
657,52,1,875.99
657,54,2,3199.99
658,49,2,3499.99
658,29,1,999.99
658,9,1,2999.99
659,42,2,2299.99
659,39,2,1499.99
659,70,1,659.99
659,61,2,4999.99
660,30,1,999.99
660,59,2,2599.99
660,47,2,5299.99
660,29,2,999.99
661,63,2,3499.99
661,22,2,269.99
662,55,2,2699.99
662,95,2,299.99
662,102,2,489.99
662,22,1,269.99
662,106,2,449.99
663,41,2,1469.99
663,17,2,429
663,94,1,249.99
663,71,1,416.99
663,106,1,449.99
664,52,2,875.99
664,5,1,1320.99
664,50,1,5999.99
664,101,2,339.99
664,47,1,5299.99
665,58,1,4999.99
665,42,2,2299.99
665,25,2,499.99
666,98,2,489.99
666,39,1,1499.99
667,79,1,402.99
667,84,1,109.99
667,3,1,999.99
667,99,1,299.99
667,85,1,329.99
668,48,2,1499.99
668,19,2,449
669,16,2,599.99
669,72,1,619.99
670,108,1,449.99
670,28,1,2499.99
670,104,2,481.99
670,45,2,869.99
671,30,1,999.99
671,69,1,416.99
671,55,1,2699.99
671,4,1,2899.99
671,109,2,416.99
672,51,2,6499.99
672,96,2,349.99
672,48,2,1499.99
673,66,1,250.99
673,38,1,549.99
673,5,1,1320.99
673,13,1,269.99
674,26,2,599.99
675,17,1,429
675,89,2,209.99
675,19,1,449
675,32,1,469.99
676,70,1,659.99
676,104,2,481.99
676,24,1,549.99
676,29,1,999.99
677,75,1,599.99
677,7,2,3999.99
677,105,2,533.99
677,91,2,349.99
677,54,2,3199.99
678,52,2,875.99
678,37,2,379.99
679,15,2,529.99
679,83,2,149.99
680,81,2,1099.99
680,7,1,3999.99
680,50,1,5999.99
681,82,1,659.99
681,63,1,3499.99
681,61,1,4999.99
681,6,2,469.99
681,30,1,999.99
682,39,1,1499.99
682,60,2,1559.99
682,99,1,299.99
683,2,2,749.99
684,56,1,5499.99
684,33,1,469.99
685,59,1,2599.99
685,48,2,1499.99
685,107,1,416.99
685,98,2,489.99
685,56,2,5499.99
686,16,1,599.99
686,30,1,999.99
686,88,2,189.99
686,19,2,449
686,104,1,481.99
687,48,2,1499.99
687,95,1,299.99
687,5,2,1320.99
687,83,1,149.99
688,8,1,1799.99
688,88,1,189.99
689,33,2,469.99
690,84,1,109.99
690,11,2,1680.99
690,85,1,329.99
690,109,2,416.99
691,23,2,299.99
691,5,2,1320.99
691,55,2,2699.99
691,20,1,599.99
692,59,1,2599.99
692,75,1,599.99
692,15,2,529.99
692,56,2,5499.99
693,104,2,481.99
693,13,1,269.99
693,5,2,1320.99
693,31,1,1632.99
694,48,1,1499.99
694,39,1,1499.99
694,55,2,2699.99
694,103,2,551.99
694,45,2,869.99
695,82,2,659.99
695,57,2,1999.99
696,88,2,189.99
696,7,1,3999.99
696,45,1,869.99
697,5,2,1320.99
698,96,1,349.99
698,12,1,549.99
698,40,2,4999.99
699,106,2,449.99
699,48,1,1499.99
699,31,1,1632.99
699,24,2,549.99
699,82,2,659.99
700,7,2,3999.99
700,63,1,3499.99
701,84,1,109.99
702,25,2,499.99
702,104,1,481.99
702,3,2,999.99
703,45,2,869.99
703,66,2,250.99
703,72,1,619.99
703,4,2,2899.99
704,10,2,1549
704,62,1,3499.99
704,100,2,489.99
705,61,1,4999.99
706,27,1,999.99
706,23,2,299.99
706,60,1,1559.99
707,106,2,449.99
707,100,1,489.99
707,11,2,1680.99
707,26,2,599.99
708,6,1,469.99
708,47,1,5299.99
708,34,2,469.99
709,55,2,2699.99
709,101,2,339.99
709,48,1,1499.99
710,42,1,2299.99
710,60,2,1559.99
710,39,2,1499.99
710,57,1,1999.99
710,28,1,2499.99
711,5,2,1320.99
711,95,2,299.99
711,72,2,619.99
712,44,2,539.99
712,74,2,439.99
712,35,1,832.99
712,76,1,299.99
712,4,2,2899.99
713,93,2,209.99
713,97,2,349.99
713,53,1,749.99
713,108,2,449.99
714,92,2,209.99
715,61,2,4999.99
715,50,1,5999.99
716,111,2,470.99
716,93,2,209.99
716,79,1,402.99
716,4,2,2899.99
717,56,2,5499.99
717,93,1,209.99
718,92,2,209.99
718,40,2,4999.99
718,64,2,489.99
719,100,1,489.99
720,111,1,470.99
720,6,1,469.99
721,45,2,869.99
721,102,1,489.99
721,73,2,749.99
721,33,1,469.99
722,22,2,269.99
722,3,1,999.99
722,104,2,481.99
723,24,2,549.99
723,16,1,599.99
723,108,1,449.99
724,23,1,299.99
724,75,1,599.99
724,102,1,489.99
724,55,1,2699.99
725,90,1,209.99
725,91,1,349.99
725,77,2,799.99
725,62,2,3499.99
726,64,1,489.99
727,78,1,647.99
727,82,2,659.99
728,70,1,659.99
728,56,1,5499.99
728,91,1,349.99
728,58,1,4999.99
729,101,2,339.99
730,59,2,2599.99
730,79,1,402.99
730,96,2,349.99
730,13,1,269.99
731,91,1,349.99
731,49,1,3499.99
731,67,2,250.99
731,29,1,999.99
732,47,1,5299.99
732,4,2,2899.99
733,84,1,109.99
733,55,1,2699.99
733,102,2,489.99
734,26,1,599.99
734,3,1,999.99
734,84,2,109.99
734,65,2,346.99
735,71,2,416.99
735,10,2,1549
736,56,2,5499.99
736,17,1,429
736,62,2,3499.99
737,52,1,875.99
737,19,2,449
737,77,2,799.99
737,34,1,469.99
738,82,2,659.99
738,38,2,549.99
738,25,1,499.99
738,63,1,3499.99
739,3,1,999.99
740,81,1,1099.99
740,94,2,249.99
740,11,1,1680.99
740,19,1,449
740,12,2,549.99
741,58,1,4999.99
741,76,1,299.99
741,21,2,269.99
741,56,2,5499.99
742,107,2,416.99
742,45,1,869.99
743,80,1,761.99
744,33,2,469.99
745,95,2,299.99
745,22,2,269.99
745,78,1,647.99
746,99,1,299.99
747,110,1,470.99
747,86,1,149.99
747,33,2,469.99
747,81,1,1099.99
748,16,2,599.99
748,83,2,149.99
748,41,1,1469.99
748,35,2,832.99
749,9,1,2999.99
749,28,1,2499.99
749,79,1,402.99
749,24,1,549.99
749,40,1,4999.99
750,72,1,619.99
750,78,2,647.99
751,45,2,869.99
752,12,2,549.99
752,31,2,1632.99
753,105,2,533.99
753,7,2,3999.99
753,36,2,832.99
753,95,1,299.99
753,66,1,250.99
754,74,2,439.99
754,12,2,549.99
754,3,1,999.99
754,67,2,250.99
754,7,1,3999.99
755,80,2,761.99
755,43,2,5299.99
755,57,2,1999.99
756,64,1,489.99
756,17,2,429
757,95,1,299.99
758,22,2,269.99
758,99,1,299.99
758,27,1,999.99
758,65,2,346.99
758,109,1,416.99
759,93,2,209.99
759,78,1,647.99
760,21,2,269.99
760,29,2,999.99
761,43,1,5299.99
761,52,2,875.99
762,102,2,489.99
763,90,1,209.99
763,103,1,551.99
764,55,1,2699.99
764,95,2,299.99
764,81,2,1099.99
765,28,2,2499.99
765,12,1,549.99
765,25,1,499.99
765,53,1,749.99
765,65,1,346.99
766,111,1,470.99
767,63,1,3499.99
767,29,1,999.99
767,41,2,1469.99
767,77,2,799.99
768,31,1,1632.99
768,76,1,299.99
769,8,1,1799.99
769,6,2,469.99
769,36,2,832.99
770,110,1,470.99
770,42,1,2299.99
770,103,1,551.99
770,11,2,1680.99
771,13,2,269.99
771,88,1,189.99
772,103,1,551.99
773,92,1,209.99
773,14,1,269.99
773,17,2,429
773,33,2,469.99
774,65,1,346.99
774,36,2,832.99
774,20,1,599.99
774,73,1,749.99
774,58,2,4999.99
775,39,1,1499.99
776,28,1,2499.99
776,42,2,2299.99
776,71,1,416.99
776,35,1,832.99
777,5,1,1320.99
777,7,2,3999.99
777,2,1,749.99
778,64,1,489.99
778,85,1,329.99
779,101,1,339.99
779,90,2,209.99
779,47,1,5299.99
779,8,1,1799.99
779,85,1,329.99
780,32,1,469.99
781,109,2,416.99
781,7,2,3999.99
781,57,2,1999.99
782,20,2,599.99
782,57,1,1999.99
782,99,1,299.99
782,16,2,599.99
783,92,1,209.99
783,22,2,269.99
783,94,1,249.99
783,29,1,999.99
784,22,1,269.99
784,72,2,619.99
784,16,1,599.99
785,59,2,2599.99
785,40,1,4999.99
785,25,1,499.99
786,80,1,761.99
787,51,2,6499.99
787,66,2,250.99
788,48,1,1499.99
788,19,1,449
788,13,1,269.99
789,100,2,489.99
789,93,2,209.99
790,62,2,3499.99
790,91,1,349.99
791,54,1,3199.99
791,25,2,499.99
792,16,2,599.99
792,39,1,1499.99
792,56,1,5499.99
792,30,1,999.99
792,2,1,749.99
793,60,1,1559.99
793,95,2,299.99
793,75,2,599.99
794,41,2,1469.99
794,68,1,449.99
794,17,1,429
794,28,1,2499.99
795,95,2,299.99
795,99,2,299.99
796,6,2,469.99
797,11,1,1680.99
797,69,1,416.99
797,74,1,439.99
797,54,2,3199.99
797,62,2,3499.99
798,23,1,299.99
798,90,1,209.99
798,91,2,349.99
798,42,1,2299.99
798,26,2,599.99
799,5,2,1320.99
799,34,2,469.99
799,29,2,999.99
799,63,1,3499.99
799,58,2,4999.99
800,65,2,346.99
800,54,1,3199.99
800,6,2,469.99
800,52,1,875.99
800,95,2,299.99
801,101,1,339.99
802,30,1,999.99
802,36,2,832.99
802,40,1,4999.99
802,28,1,2499.99
803,111,1,470.99
803,52,2,875.99
803,102,1,489.99
803,83,2,149.99
804,89,2,209.99
804,53,1,749.99
804,50,2,5999.99
805,24,1,549.99
805,33,2,469.99
805,62,2,3499.99
805,32,1,469.99
805,6,2,469.99
806,93,2,209.99
806,97,1,349.99
806,77,2,799.99
806,82,2,659.99
806,91,2,349.99
807,21,2,269.99
807,6,1,469.99
807,3,2,999.99
807,9,2,2999.99
807,16,1,599.99
808,96,2,349.99
808,18,1,449
808,85,1,329.99
808,19,2,449
809,78,1,647.99
809,26,1,599.99
809,92,2,209.99
810,103,2,551.99
810,100,1,489.99
810,56,1,5499.99
810,22,1,269.99
811,45,2,869.99
811,54,1,3199.99
811,70,1,659.99
811,66,1,250.99
812,76,2,299.99
812,40,1,4999.99
813,96,2,349.99
813,85,2,329.99
813,33,2,469.99
813,26,2,599.99
813,71,2,416.99
814,69,2,416.99
814,100,1,489.99
814,65,1,346.99
814,83,2,149.99
815,105,2,533.99
815,102,2,489.99
815,87,2,189.99
815,23,1,299.99
816,75,2,599.99
816,64,2,489.99
817,85,1,329.99
817,105,2,533.99
817,48,2,1499.99
818,103,1,551.99
818,44,2,539.99
818,19,2,449
818,48,2,1499.99
819,94,1,249.99
820,107,1,416.99
821,102,1,489.99
821,70,2,659.99
821,6,1,469.99
821,107,1,416.99
822,53,1,749.99
822,72,1,619.99
823,56,2,5499.99
823,86,2,149.99
823,81,1,1099.99
824,92,2,209.99
825,19,1,449
825,30,2,999.99
826,45,2,869.99
826,36,1,832.99
827,43,1,5299.99
827,41,1,1469.99
827,28,1,2499.99
827,108,1,449.99
828,25,2,499.99
828,24,1,549.99
828,55,2,2699.99
829,103,1,551.99
829,105,2,533.99
830,85,2,329.99
830,100,2,489.99
830,96,2,349.99
831,67,1,250.99
831,11,1,1680.99
831,68,1,449.99
832,54,1,3199.99
832,45,1,869.99
832,27,1,999.99
832,16,2,599.99
833,20,2,599.99
834,54,1,3199.99
834,21,1,269.99
834,78,1,647.99
835,65,2,346.99
835,82,1,659.99
835,2,1,749.99
836,108,2,449.99
837,51,1,6499.99
837,97,1,349.99
837,87,2,189.99
838,28,1,2499.99
838,10,1,1549
838,100,2,489.99
838,65,2,346.99
839,55,1,2699.99
839,85,1,329.99
839,58,2,4999.99
840,27,1,999.99
840,43,1,5299.99
840,106,2,449.99
841,22,2,269.99
841,9,1,2999.99
841,11,1,1680.99
841,90,2,209.99
841,100,1,489.99
842,81,2,1099.99
842,42,1,2299.99
843,72,1,619.99
843,75,2,599.99
843,81,1,1099.99
843,23,2,299.99
844,79,2,402.99
844,12,1,549.99
844,83,2,149.99
844,48,1,1499.99
844,63,2,3499.99
845,16,2,599.99
845,75,1,599.99
845,26,2,599.99
845,73,2,749.99
845,88,1,189.99
846,46,2,1409.99
846,47,1,5299.99
846,71,1,416.99
846,72,2,619.99
846,103,2,551.99
847,61,2,4999.99
848,93,1,209.99
848,100,2,489.99
848,88,2,189.99
848,41,2,1469.99
849,109,1,416.99
850,101,2,339.99
850,5,2,1320.99
850,37,1,379.99
851,30,1,999.99
851,93,1,209.99
852,46,2,1409.99
853,99,1,299.99
853,58,2,4999.99
853,42,2,2299.99
853,45,1,869.99
853,6,1,469.99
854,87,1,189.99
855,18,1,449
855,93,2,209.99
855,89,1,209.99
856,38,2,549.99
857,29,1,999.99
858,45,2,869.99
858,5,1,1320.99
858,14,1,269.99
858,73,2,749.99
859,38,2,549.99
859,13,1,269.99
859,14,2,269.99
859,71,2,416.99
859,36,2,832.99
860,6,1,469.99
860,24,2,549.99
860,25,1,499.99
860,58,2,4999.99
860,95,2,299.99
861,14,2,269.99
861,62,1,3499.99
862,85,1,329.99
862,99,1,299.99
862,49,2,3499.99
863,93,2,209.99
864,37,1,379.99
864,65,2,346.99
864,13,1,269.99
865,109,2,416.99
865,34,1,469.99
866,88,1,189.99
866,67,2,250.99
866,80,1,761.99
866,13,2,269.99
867,101,1,339.99
868,46,1,1409.99
869,7,1,3999.99
869,106,2,449.99
869,33,1,469.99
869,55,2,2699.99
869,65,2,346.99
870,63,1,3499.99
871,106,1,449.99
871,38,1,549.99
871,30,2,999.99
871,107,2,416.99
872,62,2,3499.99
872,53,1,749.99
873,32,2,469.99
874,56,1,5499.99
874,27,2,999.99
874,73,1,749.99
874,77,2,799.99
875,5,2,1320.99
875,15,2,529.99
875,14,1,269.99
875,111,1,470.99
876,17,2,429
876,66,2,250.99
876,96,1,349.99
876,107,2,416.99
877,73,1,749.99
877,103,1,551.99
878,103,1,551.99
878,13,1,269.99
878,6,2,469.99
878,18,2,449
879,100,2,489.99
879,2,2,749.99
879,83,2,149.99
879,82,1,659.99
880,28,2,2499.99
880,95,1,299.99
880,5,1,1320.99
880,26,1,599.99
880,66,1,250.99
881,98,1,489.99
881,50,1,5999.99
881,64,2,489.99
881,67,1,250.99
882,63,2,3499.99
882,108,2,449.99
882,57,2,1999.99
883,44,1,539.99
883,5,2,1320.99
884,49,2,3499.99
884,69,2,416.99
884,46,2,1409.99
884,10,1,1549
884,21,2,269.99
885,106,1,449.99
885,43,1,5299.99
886,47,1,5299.99
886,30,1,999.99
887,50,2,5999.99
887,70,1,659.99
888,33,2,469.99
888,26,2,599.99
889,12,2,549.99
890,16,2,599.99
890,105,2,533.99
890,52,1,875.99
890,67,1,250.99
890,65,2,346.99
891,107,2,416.99
891,32,1,469.99
891,35,2,832.99
891,50,1,5999.99
892,36,1,832.99
892,9,2,2999.99
892,50,2,5999.99
892,88,1,189.99
893,67,2,250.99
893,45,1,869.99
894,101,2,339.99
895,106,1,449.99
896,91,2,349.99
896,10,1,1549
897,105,1,533.99
897,96,1,349.99
898,45,2,869.99
898,16,1,599.99
898,57,2,1999.99
898,69,2,416.99
899,59,2,2599.99
899,17,1,429
899,6,1,469.99
900,26,2,599.99
900,108,1,449.99
900,89,1,209.99
900,61,2,4999.99
900,28,2,2499.99
901,50,1,5999.99
901,43,1,5299.99
902,38,2,549.99
902,92,1,209.99
902,12,1,549.99
902,76,2,299.99
903,31,2,1632.99
903,48,2,1499.99
904,36,2,832.99
904,51,2,6499.99
904,92,2,209.99
904,13,1,269.99
905,67,1,250.99
905,62,2,3499.99
905,42,2,2299.99
905,20,1,599.99
906,23,2,299.99
906,28,2,2499.99
906,46,1,1409.99
906,102,2,489.99
906,22,2,269.99
907,84,2,109.99
907,65,1,346.99
908,41,1,1469.99
908,94,1,249.99
908,102,2,489.99
909,5,1,1320.99
910,23,1,299.99
911,66,2,250.99
911,106,1,449.99
911,91,2,349.99
911,49,1,3499.99
912,22,2,269.99
912,71,2,416.99
912,101,1,339.99
912,2,2,749.99
913,90,2,209.99
913,24,2,549.99
914,38,1,549.99
914,20,2,599.99
914,106,1,449.99
914,46,1,1409.99
915,64,1,489.99
915,48,1,1499.99
915,42,1,2299.99
915,2,1,749.99
916,92,1,209.99
917,41,1,1469.99
918,91,1,349.99
918,31,1,1632.99
918,4,2,2899.99
919,7,1,3999.99
919,44,1,539.99
920,76,1,299.99
920,39,2,1499.99
920,78,1,647.99
920,80,2,761.99
921,77,1,799.99
921,75,2,599.99
921,48,1,1499.99
922,68,1,449.99
922,73,1,749.99
922,86,1,149.99
923,74,2,439.99
923,6,1,469.99
924,97,2,349.99
924,36,1,832.99
925,97,1,349.99
925,62,2,3499.99
926,37,2,379.99
927,74,2,439.99
927,16,2,599.99
927,50,1,5999.99
927,3,1,999.99
927,43,1,5299.99
928,71,2,416.99
928,83,1,149.99
929,82,1,659.99
929,63,2,3499.99
929,24,1,549.99
930,56,2,5499.99
930,82,1,659.99
930,60,1,1559.99
930,65,2,346.99
930,51,2,6499.99
931,49,2,3499.99
931,76,1,299.99
932,74,1,439.99
933,77,1,799.99
933,21,1,269.99
933,75,2,599.99
934,35,2,832.99
934,48,1,1499.99
934,18,1,449
934,61,1,4999.99
934,56,2,5499.99
935,65,2,346.99
935,76,2,299.99
935,6,1,469.99
935,38,1,549.99
936,70,1,659.99
936,44,1,539.99
937,108,2,449.99
937,51,2,6499.99
937,58,2,4999.99
937,28,2,2499.99
937,66,1,250.99
938,4,1,2899.99
938,13,1,269.99
939,5,1,1320.99
939,107,2,416.99
940,75,2,599.99
941,25,1,499.99
941,102,2,489.99
941,11,2,1680.99
942,98,2,489.99
942,110,2,470.99
942,35,2,832.99
942,103,1,551.99
942,100,1,489.99
943,25,1,499.99
943,82,1,659.99
944,29,2,999.99
944,16,2,599.99
944,70,2,659.99
944,85,2,329.99
944,69,2,416.99
945,105,1,533.99
945,94,2,249.99
945,34,2,469.99
945,44,2,539.99
945,50,2,5999.99
946,7,1,3999.99
946,85,2,329.99
946,62,1,3499.99
946,22,2,269.99
946,56,2,5499.99
947,32,1,469.99
947,42,2,2299.99
947,44,1,539.99
948,23,2,299.99
948,20,2,599.99
948,101,1,339.99
948,92,2,209.99
948,72,2,619.99
949,9,2,2999.99
949,55,2,2699.99
950,56,1,5499.99
951,59,1,2599.99
951,43,2,5299.99
951,62,2,3499.99
952,20,2,599.99
952,57,1,1999.99
953,23,2,299.99
954,4,2,2899.99
955,43,1,5299.99
955,31,2,1632.99
955,96,1,349.99
955,63,1,3499.99
955,88,1,189.99
956,76,2,299.99
956,23,1,299.99
956,73,2,749.99
956,13,2,269.99
956,79,2,402.99
957,108,2,449.99
957,14,2,269.99
957,70,2,659.99
957,66,1,250.99
957,111,1,470.99
958,51,1,6499.99
958,76,1,299.99
959,15,1,529.99
959,72,1,619.99
959,41,1,1469.99
959,65,1,346.99
960,73,2,749.99
960,52,1,875.99
960,48,2,1499.99
960,83,2,149.99
961,105,1,533.99
961,47,2,5299.99
961,65,2,346.99
962,65,2,346.99
962,64,2,489.99
963,4,1,2899.99
964,90,1,209.99
964,74,1,439.99
965,90,2,209.99
966,88,1,189.99
966,73,1,749.99
967,66,1,250.99
967,77,2,799.99
967,87,1,189.99
967,103,1,551.99
968,87,1,189.99
968,61,2,4999.99
968,10,2,1549
969,74,1,439.99
969,36,1,832.99
970,85,1,329.99
970,48,2,1499.99
970,54,2,3199.99
970,68,1,449.99
971,70,2,659.99
971,65,2,346.99
971,8,2,1799.99
971,12,2,549.99
971,38,1,549.99
972,100,1,489.99
972,63,1,3499.99
973,4,2,2899.99
973,28,2,2499.99
973,47,2,5299.99
973,71,1,416.99
974,33,2,469.99
974,22,2,269.99
975,110,2,470.99
976,26,2,599.99
976,39,1,1499.99
977,52,2,875.99
977,69,2,416.99
977,27,1,999.99
977,80,2,761.99
978,106,2,449.99
978,25,2,499.99
978,108,2,449.99
979,55,1,2699.99
979,71,2,416.99
979,12,2,549.99
979,52,1,875.99
980,49,2,3499.99
980,9,1,2999.99
980,64,1,489.99
981,35,1,832.99
981,95,2,299.99
981,21,2,269.99
981,36,2,832.99
981,61,1,4999.99
982,22,2,269.99
982,110,1,470.99
982,52,1,875.99
982,40,2,4999.99
983,63,1,3499.99
983,20,2,599.99
983,68,1,449.99
983,81,2,1099.99
983,88,1,189.99
984,68,1,449.99
984,81,2,1099.99
984,12,1,549.99
984,111,1,470.99
985,5,2,1320.99
985,59,1,2599.99
985,78,2,647.99
986,87,1,189.99
986,78,1,647.99
986,26,2,599.99
987,51,2,6499.99
987,60,2,1559.99
987,80,1,761.99
988,35,1,832.99
988,38,1,549.99
988,12,2,549.99
989,99,1,299.99
989,27,1,999.99
989,70,1,659.99
989,84,2,109.99
989,5,1,1320.99
990,6,2,469.99
990,29,1,999.99
990,91,1,349.99
990,14,2,269.99
991,9,2,2999.99
991,79,1,402.99
991,34,1,469.99
992,45,1,869.99
992,102,1,489.99
992,20,1,599.99
992,101,2,339.99
992,7,1,3999.99
993,58,1,4999.99
993,36,2,832.99
993,10,2,1549
993,99,2,299.99
993,79,2,402.99
994,37,2,379.99
994,45,1,869.99
994,66,1,250.99
995,16,2,599.99
995,90,1,209.99
995,101,1,339.99
996,68,2,449.99
996,32,1,469.99
997,86,2,149.99
997,105,2,533.99
997,14,2,269.99
998,26,2,599.99
998,105,1,533.99
999,70,2,659.99
999,106,1,449.99
1000,65,2,346.99
1000,111,1,470.99
1000,19,2,449
1000,29,2,999.99
1001,72,1,619.99
1001,45,2,869.99
1001,58,1,4999.99
1001,111,1,470.99
1002,100,1,489.99
1002,83,1,149.99
1002,8,2,1799.99
1002,79,1,402.99
1003,34,2,469.99
1003,51,2,6499.99
1004,36,2,832.99
1005,14,2,269.99
1005,81,2,1099.99
1005,99,1,299.99
1006,20,1,599.99
1006,68,1,449.99
1006,56,2,5499.99
1006,65,1,346.99
1006,46,1,1409.99
1007,26,1,599.99
1007,11,1,1680.99
1007,85,2,329.99
1007,76,1,299.99
1007,106,2,449.99
1008,71,1,416.99
1008,2,1,749.99
1008,95,1,299.99
1009,95,2,299.99
1009,44,1,539.99
1010,109,2,416.99
1011,88,1,189.99
1011,99,2,299.99
1011,16,2,599.99
1011,68,2,449.99
1012,8,1,1799.99
1012,64,1,489.99
1013,60,2,1559.99
1014,97,1,349.99
1014,45,2,869.99
1014,81,2,1099.99
1014,59,1,2599.99
1015,6,2,469.99
1015,73,2,749.99
1015,101,2,339.99
1015,13,1,269.99
1016,76,2,299.99
1017,89,1,209.99
1017,82,2,659.99
1017,100,1,489.99
1017,18,2,449
1017,77,2,799.99
1018,76,2,299.99
1018,97,2,349.99
1018,91,1,349.99
1019,30,1,999.99
1019,52,1,875.99
1019,37,1,379.99
1019,93,2,209.99
1020,20,2,599.99
1020,69,2,416.99
1020,15,1,529.99
1020,57,2,1999.99
1020,40,2,4999.99
1021,49,2,3499.99
1021,23,2,299.99
1022,33,1,469.99
1022,46,1,1409.99
1022,65,1,346.99
1022,5,1,1320.99
1023,91,1,349.99
1023,43,2,5299.99
1024,104,1,481.99
1024,28,2,2499.99
1024,98,2,489.99
1024,96,2,349.99
1024,91,1,349.99
1025,89,1,209.99
1025,102,1,489.99
1025,39,1,1499.99
1025,15,1,529.99
1025,66,2,250.99
1026,7,2,3999.99
1027,95,2,299.99
1027,14,2,269.99
1028,111,2,470.99
1028,10,1,1549
1028,41,1,1469.99
1028,35,2,832.99
1028,108,1,449.99
1029,20,1,599.99
1029,55,1,2699.99
1029,40,1,4999.99
1029,68,2,449.99
1030,27,1,999.99
1030,10,2,1549
1030,72,1,619.99
1031,27,2,999.99
1031,108,2,449.99
1032,60,2,1559.99
1032,17,1,429
1033,26,1,599.99
1033,109,2,416.99
1033,27,2,999.99
1034,101,1,339.99
1034,8,2,1799.99
1034,11,2,1680.99
1034,21,1,269.99
1035,96,1,349.99
1036,55,2,2699.99
1036,76,1,299.99
1036,18,2,449
1036,65,2,346.99
1036,12,1,549.99
1037,74,2,439.99
1037,3,1,999.99
1037,65,2,346.99
1037,92,1,209.99
1037,84,2,109.99
1038,83,1,149.99
1038,9,1,2999.99
1039,18,2,449
1040,97,1,349.99
1040,28,2,2499.99
1040,64,1,489.99
1040,27,2,999.99
1040,8,2,1799.99
1041,89,1,209.99
1041,61,2,4999.99
1041,94,2,249.99
1042,23,1,299.99
1043,55,2,2699.99
1043,20,1,599.99
1044,97,2,349.99
1045,28,1,2499.99
1045,104,2,481.99
1046,60,1,1559.99
1046,79,1,402.99
1046,32,1,469.99
1046,41,2,1469.99
1046,17,2,429
1047,28,2,2499.99
1047,78,1,647.99
1047,35,1,832.99
1047,49,1,3499.99
1048,3,2,999.99
1048,37,1,379.99
1048,94,1,249.99
1049,9,1,2999.99
1049,36,2,832.99
1049,3,1,999.99
1049,26,1,599.99
1049,10,2,1549
1050,96,2,349.99
1050,99,2,299.99
1050,45,2,869.99
1050,14,2,269.99
1051,46,1,1409.99
1052,7,1,3999.99
1052,103,1,551.99
1052,26,2,599.99
1053,49,2,3499.99
1053,26,2,599.99
1053,23,2,299.99
1053,68,1,449.99
1053,73,2,749.99
1054,36,2,832.99
1054,16,1,599.99
1055,43,2,5299.99
1055,101,2,339.99
1055,12,2,549.99
1055,83,2,149.99
1055,60,1,1559.99
1056,3,1,999.99
1057,105,1,533.99
1057,97,1,349.99
1057,98,2,489.99
1058,43,1,5299.99
1058,29,2,999.99
1058,103,1,551.99
1059,46,2,1409.99
1059,7,1,3999.99
1059,13,1,269.99
1060,7,1,3999.99
1060,11,2,1680.99
1060,61,2,4999.99
1060,30,2,999.99
1061,14,1,269.99
1061,19,1,449
1062,13,1,269.99
1062,111,2,470.99
1062,5,1,1320.99
1062,12,1,549.99
1063,33,2,469.99
1063,100,2,489.99
1063,72,2,619.99
1064,18,1,449
1064,49,1,3499.99
1065,48,2,1499.99
1065,103,2,551.99
1065,63,1,3499.99
1066,15,2,529.99
1066,46,1,1409.99
1066,12,1,549.99
1067,74,2,439.99
1067,9,2,2999.99
1067,72,2,619.99
1067,6,2,469.99
1068,87,2,189.99
1068,82,1,659.99
1068,49,2,3499.99
1068,45,2,869.99
1069,109,1,416.99
1069,93,1,209.99
1070,110,1,470.99
1070,18,2,449
1070,94,1,249.99
1071,25,2,499.99
1072,83,1,149.99
1072,89,2,209.99
1072,36,2,832.99
1073,81,1,1099.99
1073,13,1,269.99
1073,20,1,599.99
1074,59,1,2599.99
1074,87,1,189.99
1074,89,2,209.99
1075,48,2,1499.99
1075,111,2,470.99
1076,95,1,299.99
1076,102,1,489.99
1076,73,2,749.99
1077,60,2,1559.99
1078,76,2,299.99
1078,60,2,1559.99
1078,15,1,529.99
1078,10,2,1549
1078,72,2,619.99
1079,70,2,659.99
1080,31,1,1632.99
1080,40,1,4999.99
1080,50,1,5999.99
1080,32,2,469.99
1080,86,1,149.99
1081,52,2,875.99
1082,29,2,999.99
1083,65,2,346.99
1083,77,2,799.99
1083,61,1,4999.99
1083,33,1,469.99
1084,30,1,999.99
1084,70,1,659.99
1084,98,2,489.99
1084,65,2,346.99
1084,60,1,1559.99
1085,66,2,250.99
1085,64,1,489.99
1085,74,1,439.99
1086,108,1,449.99
1086,67,1,250.99
1086,81,2,1099.99
1086,10,2,1549
1086,5,1,1320.99
1087,15,1,529.99
1087,102,2,489.99
1087,59,2,2599.99
1087,13,2,269.99
1087,109,2,416.99
1088,64,1,489.99
1088,30,1,999.99
1088,33,1,469.99
1088,36,2,832.99
1089,70,2,659.99
1089,30,2,999.99
1090,74,1,439.99
1091,97,1,349.99
1091,56,1,5499.99
1091,19,1,449
1092,34,1,469.99
1092,30,2,999.99
1092,2,2,749.99
1092,18,1,449
1093,45,2,869.99
1093,17,2,429
1093,90,2,209.99
1094,71,1,416.99
1094,11,1,1680.99
1094,24,1,549.99
1094,107,1,416.99
1095,78,2,647.99
1095,3,2,999.99
1095,15,2,529.99
1095,31,1,1632.99
1095,50,2,5999.99
1096,11,1,1680.99
1097,99,1,299.99
1097,106,2,449.99
1097,98,2,489.99
1097,19,1,449
1097,35,2,832.99
1098,88,1,189.99
1099,64,1,489.99
1099,13,2,269.99
1099,46,1,1409.99
1099,89,2,209.99
1100,12,1,549.99
1100,9,2,2999.99
1101,105,1,533.99
1101,51,1,6499.99
1102,91,1,349.99
1103,106,1,449.99
1103,46,2,1409.99
1104,17,1,429
1104,70,2,659.99
1104,43,1,5299.99
1104,80,1,761.99
1105,60,1,1559.99
1105,56,2,5499.99
1105,35,2,832.99
1106,96,1,349.99
1107,43,1,5299.99
1107,41,2,1469.99
1108,45,2,869.99
1108,100,1,489.99
1108,105,1,533.99
1109,72,2,619.99
1110,56,1,5499.99
1111,95,1,299.99
1111,66,2,250.99
1111,14,1,269.99
1111,24,1,549.99
1112,71,2,416.99
1112,42,1,2299.99
1112,5,2,1320.99
1112,87,2,189.99
1112,9,2,2999.99
1113,106,1,449.99
1114,52,1,875.99
1115,97,2,349.99
1115,50,2,5999.99
1115,91,2,349.99
1115,49,2,3499.99
1116,11,2,1680.99
1117,37,2,379.99
1117,91,1,349.99
1117,51,2,6499.99
1118,55,2,2699.99
1118,50,1,5999.99
1118,29,1,999.99
1118,47,2,5299.99
1119,93,2,209.99
1119,55,2,2699.99
1119,104,1,481.99
1120,92,2,209.99
1120,31,1,1632.99
1120,30,2,999.99
1120,93,1,209.99
1120,94,1,249.99
1121,11,2,1680.99
1121,110,2,470.99
1122,9,2,2999.99
1122,53,1,749.99
1122,49,2,3499.99
1122,41,2,1469.99
1122,72,1,619.99
1123,65,2,346.99
1123,61,2,4999.99
1124,7,2,3999.99
1124,6,1,469.99
1124,109,2,416.99
1124,45,2,869.99
1124,2,2,749.99
1125,16,2,599.99
1125,21,1,269.99
1125,81,2,1099.99
1125,24,1,549.99
1125,32,2,469.99
1126,33,2,469.99
1126,58,1,4999.99
1126,89,2,209.99
1127,23,2,299.99
1127,96,2,349.99
1127,37,1,379.99
1128,44,1,539.99
1128,10,1,1549
1128,65,2,346.99
1129,71,2,416.99
1129,56,1,5499.99
1129,61,2,4999.99
1130,54,2,3199.99
1131,60,2,1559.99
1131,103,2,551.99
1132,43,1,5299.99
1132,10,1,1549
1132,36,2,832.99
1132,16,1,599.99
1133,4,2,2899.99
1133,17,1,429
1133,90,2,209.99
1133,62,1,3499.99
1134,97,1,349.99
1134,36,1,832.99
1135,101,2,339.99
1135,51,1,6499.99
1136,105,1,533.99
1137,28,1,2499.99
1137,58,2,4999.99
1137,84,2,109.99
1137,69,2,416.99
1138,13,2,269.99
1138,105,2,533.99
1138,93,1,209.99
1139,106,2,449.99
1139,44,2,539.99
1139,69,1,416.99
1139,25,2,499.99
1139,7,1,3999.99
1140,39,2,1499.99
1140,71,2,416.99
1140,38,2,549.99
1140,40,2,4999.99
1141,8,1,1799.99
1142,20,2,599.99
1142,30,1,999.99
1142,109,2,416.99
1142,108,2,449.99
1142,100,2,489.99
1143,99,1,299.99
1143,48,1,1499.99
1143,69,2,416.99
1144,88,1,189.99
1145,105,2,533.99
1146,36,1,832.99
1146,64,1,489.99
1146,11,1,1680.99
1147,82,1,659.99
1147,39,2,1499.99
1148,82,1,659.99
1148,22,1,269.99
1148,77,2,799.99
1148,94,2,249.99
1149,98,2,489.99
1149,48,1,1499.99
1149,58,1,4999.99
1149,85,1,329.99
1149,94,1,249.99
1150,29,1,999.99
1150,91,1,349.99
1150,104,2,481.99
1150,21,2,269.99
1151,30,2,999.99
1152,58,1,4999.99
1152,91,2,349.99
1152,24,1,549.99
1153,103,1,551.99
1153,6,2,469.99
1154,17,1,429
1154,60,1,1559.99
1154,67,2,250.99
1155,68,2,449.99
1155,6,2,469.99
1155,35,1,832.99
1155,77,2,799.99
1156,111,2,470.99
1156,86,1,149.99
1157,20,1,599.99
1157,31,2,1632.99
1157,37,2,379.99
1157,41,1,1469.99
1158,95,2,299.99
1158,74,1,439.99
1159,12,2,549.99
1160,41,1,1469.99
1160,9,1,2999.99
1161,71,2,416.99
1161,38,1,549.99
1161,22,1,269.99
1161,29,2,999.99
1162,88,1,189.99
1162,40,2,4999.99
1162,86,1,149.99
1162,41,1,1469.99
1162,12,2,549.99
1163,63,2,3499.99
1163,53,2,749.99
1164,8,1,1799.99
1164,78,1,647.99
1164,103,2,551.99
1164,44,2,539.99
1165,65,2,346.99
1165,68,1,449.99
1166,103,2,551.99
1167,29,2,999.99
1167,81,2,1099.99
1167,68,1,449.99
1168,23,2,299.99
1168,82,1,659.99
1168,51,1,6499.99
1168,107,2,416.99
1168,15,2,529.99
1169,91,2,349.99
1169,51,1,6499.99
1169,58,2,4999.99
1169,81,2,1099.99
1170,15,1,529.99
1170,47,2,5299.99
1170,62,2,3499.99
1171,94,2,249.99
1171,92,2,209.99
1171,10,2,1549
1172,78,2,647.99
1172,104,1,481.99
1173,95,1,299.99
1173,17,1,429
1173,68,1,449.99
1173,103,2,551.99
1174,110,2,470.99
1174,6,1,469.99
1174,106,1,449.99
1175,58,2,4999.99
1175,65,1,346.99
1175,20,1,599.99
1175,3,1,999.99
1175,9,1,2999.99
1176,87,1,189.99
1177,62,2,3499.99
1177,74,1,439.99
1178,46,1,1409.99
1178,77,1,799.99
1178,108,1,449.99
1178,13,2,269.99
1179,93,2,209.99
1179,88,2,189.99
1179,33,2,469.99
1179,50,1,5999.99
1180,66,2,250.99
1181,98,1,489.99
1182,35,1,832.99
1182,49,2,3499.99
1183,63,1,3499.99
1183,80,2,761.99
1183,6,2,469.99
1184,16,2,599.99
1184,71,1,416.99
1185,19,2,449
1185,21,1,269.99
1185,63,2,3499.99
1185,80,1,761.99
1186,48,2,1499.99
1186,49,1,3499.99
1186,106,1,449.99
1186,27,1,999.99
1187,36,2,832.99
1187,79,1,402.99
1187,4,1,2899.99
1187,53,2,749.99
1188,66,2,250.99
1188,91,2,349.99
1188,87,2,189.99
1189,55,1,2699.99
1189,102,2,489.99
1189,40,2,4999.99
1190,71,1,416.99
1191,40,2,4999.99
1191,89,2,209.99
1191,100,1,489.99
1192,24,2,549.99
1192,88,2,189.99
1192,37,2,379.99
1193,83,2,149.99
1193,27,1,999.99
1194,71,1,416.99
1194,7,2,3999.99
1194,105,2,533.99
1194,84,1,109.99
1195,52,1,875.99
1196,53,1,749.99
1197,13,1,269.99
1197,108,2,449.99
1197,9,2,2999.99
1197,106,2,449.99
1198,105,1,533.99
1199,32,1,469.99
1199,94,2,249.99
1199,109,2,416.99
1200,42,2,2299.99
1201,95,1,299.99
1201,13,1,269.99
1201,26,1,599.99
1201,17,2,429
1201,19,2,449
1202,84,2,109.99
1203,6,2,469.99
1203,55,1,2699.99
1204,37,2,379.99
1205,105,2,533.99
1205,46,2,1409.99
1205,71,1,416.99
1205,79,2,402.99
1205,92,1,209.99
1206,73,1,749.99
1206,29,1,999.99
1207,104,1,481.99
1207,103,1,551.99
1207,23,1,299.99
1208,12,1,549.99
1208,65,2,346.99
1208,86,2,149.99
1208,13,2,269.99
1208,87,1,189.99
1209,89,1,209.99
1209,97,1,349.99
1210,26,1,599.99
1210,6,2,469.99
1210,78,2,647.99
1210,84,1,109.99
1210,35,2,832.99
1211,15,2,529.99
1211,59,1,2599.99
1211,92,1,209.99
1211,93,1,209.99
1211,108,2,449.99
1212,74,1,439.99
1212,37,2,379.99
1212,39,2,1499.99
1212,68,2,449.99
1213,64,2,489.99
1213,78,1,647.99
1213,102,2,489.99
1213,15,1,529.99
1214,9,2,2999.99
1214,7,1,3999.99
1214,22,1,269.99
1214,77,2,799.99
1214,67,2,250.99
1215,73,2,749.99
1215,10,2,1549
1216,64,2,489.99
1216,54,1,3199.99
1216,19,1,449
1216,110,2,470.99
1216,43,1,5299.99
1217,73,1,749.99
1217,106,2,449.99
1218,32,1,469.99
1218,102,2,489.99
1219,17,2,429
1219,62,2,3499.99
1219,40,2,4999.99
1220,47,2,5299.99
1220,49,1,3499.99
1220,85,2,329.99
1221,100,1,489.99
1221,81,2,1099.99
1221,42,2,2299.99
1221,38,2,549.99
1221,97,2,349.99
1222,97,1,349.99
1223,103,1,551.99
1224,62,1,3499.99
1224,51,1,6499.99
1224,108,1,449.99
1224,32,1,469.99
1225,81,1,1099.99
1225,59,2,2599.99
1225,6,2,469.99
1226,77,2,799.99
1226,101,1,339.99
1226,11,2,1680.99
1226,51,1,6499.99
1226,42,1,2299.99
1227,90,2,209.99
1227,44,1,539.99
1227,26,1,599.99
1227,8,1,1799.99
1227,42,2,2299.99
1228,92,1,209.99
1228,55,2,2699.99
1228,20,2,599.99
1229,36,2,832.99
1229,61,2,4999.99
1230,32,2,469.99
1230,38,2,549.99
1231,75,2,599.99
1231,70,1,659.99
1232,4,2,2899.99
1232,110,2,470.99
1232,6,2,469.99
1233,87,2,189.99
1233,61,2,4999.99
1233,55,1,2699.99
1234,56,2,5499.99
1234,71,2,416.99
1235,7,1,3999.99
1236,60,1,1559.99
1236,32,2,469.99
1236,91,1,349.99
1237,23,1,299.99
1237,87,2,189.99
1237,95,2,299.99
1237,55,2,2699.99
1237,25,1,499.99
1238,40,1,4999.99
1238,14,1,269.99
1238,99,2,299.99
1238,101,1,339.99
1239,15,2,529.99
1239,91,1,349.99
1239,34,2,469.99
1239,36,1,832.99
1240,107,2,416.99
1240,23,2,299.99
1240,15,2,529.99
1240,77,2,799.99
1240,57,1,1999.99
1241,74,1,439.99
1241,71,2,416.99
1242,94,1,249.99
1242,27,1,999.99
1242,10,1,1549
1242,70,1,659.99
1243,44,1,539.99
1244,45,1,869.99
1244,38,2,549.99
1244,33,1,469.99
1244,37,2,379.99
1245,13,1,269.99
1246,78,2,647.99
1246,46,1,1409.99
1246,45,2,869.99
1247,15,2,529.99
1247,28,2,2499.99
1247,26,1,599.99
1248,94,2,249.99
1248,33,2,469.99
1248,92,1,209.99
1248,12,1,549.99
1249,62,1,3499.99
1249,104,1,481.99
1249,61,1,4999.99
1250,78,2,647.99
1250,66,2,250.99
1250,20,2,599.99
1250,6,2,469.99
1251,40,2,4999.99
1251,56,1,5499.99
1251,7,1,3999.99
1252,79,1,402.99
1252,84,1,109.99
1252,57,2,1999.99
1253,25,2,499.99
1253,21,1,269.99
1253,88,1,189.99
1254,80,1,761.99
1254,91,1,349.99
1255,43,2,5299.99
1255,53,1,749.99
1255,14,2,269.99
1255,26,2,599.99
1255,82,1,659.99
1256,44,2,539.99
1256,100,1,489.99
1257,30,2,999.99
1257,61,1,4999.99
1257,17,2,429
1257,41,1,1469.99
1257,4,1,2899.99
1258,94,2,249.99
1258,99,2,299.99
1259,60,1,1559.99
1259,19,1,449
1260,8,1,1799.99
1260,66,1,250.99
1261,73,1,749.99
1261,88,2,189.99
1261,100,1,489.99
1261,42,1,2299.99
1262,37,1,379.99
1262,52,1,875.99
1262,43,2,5299.99
1262,77,1,799.99
1263,45,1,869.99
1263,62,1,3499.99
1263,19,2,449
1264,101,1,339.99
1264,77,2,799.99
1264,29,2,999.99
1264,52,1,875.99
1265,41,2,1469.99
1265,72,2,619.99
1266,90,1,209.99
1266,48,1,1499.99
1267,45,1,869.99
1267,27,1,999.99
1267,108,1,449.99
1267,95,1,299.99
1268,68,2,449.99
1268,87,2,189.99
1268,59,2,2599.99
1268,100,1,489.99
1269,4,2,2899.99
1269,7,1,3999.99
1269,111,1,470.99
1270,54,1,3199.99
1271,25,2,499.99
1271,50,2,5999.99
1271,87,2,189.99
1271,32,2,469.99
1272,16,2,599.99
1272,71,2,416.99
1272,86,1,149.99
1273,95,2,299.99
1273,20,1,599.99
1273,58,1,4999.99
1274,81,1,1099.99
1275,58,1,4999.99
1275,30,1,999.99
1276,18,2,449
1276,58,1,4999.99
1276,42,1,2299.99
1276,24,2,549.99
1276,78,2,647.99
1277,56,2,5499.99
1277,93,2,209.99
1277,9,2,2999.99
1277,4,1,2899.99
1277,11,1,1680.99
1278,103,2,551.99
1278,32,1,469.99
1279,9,2,2999.99
1280,72,2,619.99
1280,74,1,439.99
1280,52,1,875.99
1280,63,1,3499.99
1281,36,1,832.99
1281,49,2,3499.99
1281,75,1,599.99
1282,111,1,470.99
1282,50,2,5999.99
1283,61,2,4999.99
1283,81,1,1099.99
1283,7,1,3999.99
1283,32,1,469.99
1283,11,1,1680.99
1284,101,1,339.99
1284,8,1,1799.99
1284,4,2,2899.99
1285,78,2,647.99
1285,93,1,209.99
1285,69,2,416.99
1285,6,1,469.99
1286,109,2,416.99
1286,81,2,1099.99
1286,87,1,189.99
1287,27,2,999.99
1287,62,2,3499.99
1287,103,1,551.99
1287,100,2,489.99
1288,73,1,749.99
1288,64,2,489.99
1288,62,2,3499.99
1288,17,2,429
1289,89,1,209.99
1289,3,1,999.99
1290,75,2,599.99
1290,36,1,832.99
1290,92,2,209.99
1291,57,1,1999.99
1291,58,2,4999.99
1292,70,1,659.99
1293,88,2,189.99
1293,74,2,439.99
1293,38,2,549.99
1294,95,2,299.99
1294,44,1,539.99
1295,5,2,1320.99
1295,61,1,4999.99
1295,52,1,875.99
1296,25,2,499.99
1296,90,1,209.99
1296,16,1,599.99
1296,2,2,749.99
1297,104,2,481.99
1297,43,1,5299.99
1297,51,2,6499.99
1298,59,1,2599.99
1298,110,2,470.99
1299,14,2,269.99
1299,101,1,339.99
1299,75,1,599.99
1299,52,2,875.99
1300,101,2,339.99
1300,58,2,4999.99
1301,45,2,869.99
1301,105,2,533.99
1301,8,1,1799.99
1302,38,1,549.99
1302,20,2,599.99
1302,56,2,5499.99
1303,96,1,349.99
1303,63,2,3499.99
1303,108,1,449.99
1303,73,1,749.99
1303,24,2,549.99
1304,80,1,761.99
1304,99,2,299.99
1304,102,1,489.99
1304,17,1,429
1305,85,1,329.99
1305,9,1,2999.99
1305,11,1,1680.99
1305,91,2,349.99
1306,103,2,551.99
1306,81,2,1099.99
1306,45,1,869.99
1306,42,1,2299.99
1306,9,2,2999.99
1307,96,2,349.99
1307,53,2,749.99
1307,69,2,416.99
1308,54,1,3199.99
1308,69,1,416.99
1308,14,2,269.99
1308,56,1,5499.99
1308,32,1,469.99
1309,65,1,346.99
1309,87,2,189.99
1310,59,1,2599.99
1310,77,2,799.99
1310,11,2,1680.99
1310,54,1,3199.99
1311,69,1,416.99
1311,45,2,869.99
1311,27,2,999.99
1311,42,1,2299.99
1312,67,2,250.99
1312,14,1,269.99
1312,20,1,599.99
1313,75,1,599.99
1313,33,1,469.99
1313,69,1,416.99
1314,52,1,875.99
1314,72,2,619.99
1314,94,1,249.99
1315,104,2,481.99
1315,41,1,1469.99
1315,24,1,549.99
1315,26,1,599.99
1315,16,2,599.99
1316,76,2,299.99
1316,90,1,209.99
1317,82,1,659.99
1318,82,2,659.99
1318,62,2,3499.99
1318,111,1,470.99
1318,92,1,209.99
1319,75,1,599.99
1319,91,1,349.99
1320,104,1,481.99
1320,93,1,209.99
1320,99,2,299.99
1321,34,1,469.99
1321,107,1,416.99
1321,11,2,1680.99
1322,28,2,2499.99
1322,104,2,481.99
1323,27,2,999.99
1323,20,1,599.99
1323,70,1,659.99
1324,66,1,250.99
1324,120,2,2499.99
1324,235,1,899.99
1324,3,1,999.99
1325,139,1,2999.99
1325,257,1,899.99
1325,209,1,2999.99
1325,28,1,2499.99
1326,190,2,2799.99
1326,269,2,199.99
1327,151,2,1549.99
1327,235,2,899.99
1327,48,2,1499.99
1327,180,1,919.99
1328,241,1,749.99
1328,129,2,919.99
1328,228,1,319.99
1328,311,1,749.99
1328,247,1,599.99
1329,143,1,1099.99
1329,107,1,416.99
1329,55,1,2699.99
1329,283,2,319.99
1329,13,1,269.99
1330,232,1,479.99
1330,243,2,679.99
1330,230,2,429.99
1330,102,2,489.99
1330,282,1,279.99
1331,253,1,2599.99
1331,290,1,369.99
1331,145,2,1799.99
1331,300,1,799.99
1332,296,1,369.99
1332,93,2,209.99
1332,179,2,919.99
1332,298,1,279.99
1333,205,2,4999.99
1333,304,2,679.99
1333,99,2,299.99
1333,12,1,549.99
1333,78,1,647.99
1334,203,2,4999.99
1334,160,2,4499.99
1334,84,2,109.99
1334,13,1,269.99
1334,42,1,2299.99
1335,138,2,2249.99
1336,29,2,999.99
1336,157,1,6499.99
1336,21,2,269.99
1336,207,1,3999.99
1336,185,1,2799.99
1337,153,1,4999.99
1338,169,2,6499.99
1339,175,1,3199.99
1340,253,1,2599.99
1340,92,2,209.99
1340,237,2,849.99
1341,215,2,749.99
1341,56,2,5499.99
1341,234,2,899.99
1341,66,2,250.99
1342,60,1,1559.99
1342,270,1,209.99
1343,244,1,559.99
1343,99,1,299.99
1343,184,2,3499.99
1343,65,2,346.99
1343,206,1,3299.99
1344,77,2,799.99
1344,103,2,551.99
1344,3,1,999.99
1344,61,1,4999.99
1345,40,2,4999.99
1345,172,2,3199.99
1345,164,2,1549
1345,2,2,749.99
1346,134,2,1499.99
1346,150,1,4499.99
1346,18,2,449
1346,249,1,749.99
1346,263,2,89.99
1347,43,2,5299.99
1347,53,1,749.99
1348,203,1,4999.99
1348,148,1,5499.99
1348,58,2,4999.99
1348,147,1,1799.99
1349,138,2,2249.99
1349,205,2,4999.99
1349,168,2,1549
1349,184,1,3499.99
1350,305,1,749.99
1350,250,1,2599.99
1350,253,1,2599.99
1350,159,1,2299.99
1350,13,2,269.99
1351,297,2,279.99
1351,133,1,1499.99
1352,136,1,1799.99
1352,52,2,875.99
1352,282,2,279.99
1352,86,2,149.99
1352,100,1,489.99
1353,107,2,416.99
1353,233,1,639.99
1353,300,1,799.99
1353,86,2,149.99
1354,166,2,749.99
1355,297,1,279.99
1355,253,1,2599.99
1355,149,1,7499.99
1355,313,2,449.99
1356,192,1,2599.99
1356,199,2,2999.99
1356,276,2,319.99
1357,145,2,1799.99
1357,60,1,1559.99
1357,130,1,919.99
1358,257,2,899.99
1359,282,1,279.99
1359,82,1,659.99
1360,31,1,1632.99
1361,307,2,749.99
1361,153,1,4999.99
1361,163,2,1349
1362,27,2,999.99
1362,204,2,3599.99
1362,4,2,2899.99
1363,66,2,250.99
1364,78,1,647.99
1364,155,2,11999.99
1364,152,1,2499.99
1364,110,1,470.99
1365,144,1,1549.99
1365,58,1,4999.99
1365,236,1,749.99
1366,115,1,3199.99
1366,128,2,1899
1366,200,1,3499.99
1367,132,1,1499.99
1367,131,2,2599
1367,124,1,1499
1367,24,2,549.99
1368,66,1,250.99
1368,113,2,489.99
1368,186,1,4499.99
1369,213,2,269.99
1370,7,1,3999.99
1370,89,2,209.99
1370,208,2,1799.99
1370,134,1,1499.99
1371,223,2,529.99
1371,8,2,1799.99
1372,307,1,749.99
1372,283,2,319.99
1373,63,1,3499.99
1374,181,2,2199.99
1374,130,2,919.99
1375,147,2,1799.99
1375,182,1,2499.99
1376,5,1,1320.99
1377,153,2,4999.99
1377,130,1,919.99
1377,48,1,1499.99
1377,188,2,3499.99
1378,96,2,349.99
1378,142,2,3199.99
1378,2,2,749.99
1378,110,1,470.99
1378,129,2,919.99
1379,15,1,529.99
1379,118,1,999.99
1379,263,2,89.99
1380,255,2,899.99
1380,229,2,429.99
1381,274,2,229.99
1381,214,2,899.99
1382,232,1,479.99
1382,81,2,1099.99
1382,225,1,959.99
1382,135,1,1499.99
1382,238,1,749.99
1383,188,2,3499.99
1383,65,2,346.99
1384,32,1,469.99
1384,142,2,3199.99
1384,89,1,209.99
1384,97,1,349.99
1385,24,2,549.99
1385,145,1,1799.99
1385,39,2,1499.99
1385,135,1,1499.99
1386,292,1,369.99
1386,262,1,249.99
1386,306,1,899.99
1386,150,1,4499.99
1387,106,1,449.99
1388,251,1,2999.99
1389,85,2,329.99
1389,171,2,3199.99
1389,227,1,319.99
1390,41,2,1469.99
1390,27,2,999.99
1390,306,1,899.99
1390,104,1,481.99
1390,147,2,1799.99
1391,223,2,529.99
1391,295,2,319.99
1391,277,1,369.99
1392,87,2,189.99
1392,240,2,899.99
1393,92,1,209.99
1393,82,1,659.99
1393,47,2,5299.99
1393,268,2,159.99
1394,165,2,2499.99
1395,204,1,3599.99
1395,48,2,1499.99
1395,180,2,919.99
1395,226,1,679.99
1396,57,1,1999.99
1396,181,1,2199.99
1397,127,2,469.99
1397,139,1,2999.99
1397,7,1,3999.99
1397,249,1,749.99
1397,78,2,647.99
1398,69,2,416.99
1398,53,1,749.99
1399,210,2,1549
1399,224,1,479.99
1399,127,2,469.99
1399,28,1,2499.99
1400,24,2,549.99
1400,217,2,909.99
1400,275,1,229.99
1400,90,1,209.99
1401,112,1,379.99
1401,230,1,429.99
1401,254,2,749.99
1402,189,2,2799.99
1402,28,2,2499.99
1402,203,1,4999.99
1402,273,1,289.99
1403,93,2,209.99
1404,112,2,379.99
1404,220,1,269.99
1404,193,2,2799.99
1405,162,2,2999.99
1406,230,2,429.99
1406,113,1,489.99
1407,300,1,799.99
1407,36,2,832.99
1407,266,1,399.99
1407,35,1,832.99
1408,23,2,299.99
1408,166,1,749.99
1408,114,1,579.99
1408,137,2,2599
1409,301,2,899.99
1409,170,1,1299.99
1409,171,2,3199.99
1409,265,1,289.99
1409,222,1,269.99
1410,205,2,4999.99
1410,203,2,4999.99
1410,304,1,679.99
1411,9,1,2999.99
1411,308,2,749.99
1412,180,2,919.99
1412,43,1,5299.99
1412,109,2,416.99
1413,297,2,279.99
1414,162,2,2999.99
1414,292,2,369.99
1415,31,2,1632.99
1415,17,1,429
1415,264,2,249.99
1415,245,1,659.99
1416,194,1,3499.99
1416,242,2,699.99
1416,92,2,209.99
1417,219,2,639.99
1418,120,2,2499.99
1418,243,2,679.99
1419,124,1,1499
1419,235,2,899.99
1419,234,1,899.99
1420,197,1,2299.99
1420,194,2,3499.99
1420,128,1,1899
1421,298,2,279.99
1422,80,2,761.99
1422,180,2,919.99
1422,243,1,679.99
1423,249,1,749.99
1423,71,1,416.99
1423,302,1,449.99
1423,113,2,489.99
1424,140,2,4999.99
1425,227,2,319.99
1425,263,1,89.99
1425,93,1,209.99
1425,54,2,3199.99
1425,145,2,1799.99
1426,215,1,749.99
1426,20,2,599.99
1426,281,1,319.99
1427,230,2,429.99
1427,139,1,2999.99
1427,164,2,1549
1428,216,2,899.99
1428,126,1,469.99
1428,187,2,2799.99
1428,28,1,2499.99
1428,194,2,3499.99
1429,70,2,659.99
1430,221,1,319.99
1430,281,1,319.99
1431,207,1,3999.99
1431,53,1,749.99
1431,252,1,2999.99
1431,254,1,749.99
1432,161,1,1899
1433,264,1,249.99
1434,229,2,429.99
1434,198,1,2999.99
1434,286,2,279.99
1434,61,2,4999.99
1435,141,2,1599.99
1435,29,1,999.99
1435,60,1,1559.99
1435,260,1,799.99
1436,244,2,559.99
1437,141,2,1599.99
1438,225,1,959.99
1438,140,1,4999.99
1438,81,2,1099.99
1438,137,1,2599
1438,190,2,2799.99
1439,42,1,2299.99
1439,263,1,89.99
1439,102,2,489.99
1439,149,1,7499.99
1440,116,2,749.99
1440,109,1,416.99
1440,186,1,4499.99
1440,178,2,749.99
1440,67,2,250.99
1441,6,1,469.99
1441,242,2,699.99
1441,46,1,1409.99
1442,160,1,4499.99
1442,220,1,269.99
1442,271,2,209.99
1443,160,1,4499.99
1443,57,1,1999.99
1443,101,2,339.99
1444,90,1,209.99
1444,128,2,1899
1445,219,2,639.99
1445,52,1,875.99
1445,123,2,999.99
1446,227,1,319.99
1446,233,2,639.99
1446,234,2,899.99
1447,148,1,5499.99
1448,239,1,749.99
1449,159,1,2299.99
1449,55,1,2699.99
1449,260,2,799.99
1449,252,2,2999.99
1449,14,2,269.99
1450,98,1,489.99
1450,173,2,3199.99
1450,299,1,559.99
1450,209,2,2999.99
1450,235,2,899.99
1451,117,1,1469.99
1452,99,2,299.99
1452,234,1,899.99
1452,86,2,149.99
1452,109,2,416.99
1453,89,2,209.99
1454,283,1,319.99
1454,35,2,832.99
1454,124,1,1499
1454,38,2,549.99
1455,101,2,339.99
1455,254,1,749.99
1456,193,2,2799.99
1456,246,1,639.99
1456,268,2,159.99
1456,272,1,289.99
1456,126,1,469.99
1457,113,1,489.99
1457,111,1,470.99
1457,268,1,159.99
1457,152,2,2499.99
1458,295,2,319.99
1458,105,1,533.99
1458,12,1,549.99
1458,78,2,647.99
1459,258,1,1259.9
1460,201,1,4499.99
1460,76,1,299.99
1460,167,1,749.99
1460,7,2,3999.99
1460,123,2,999.99
1461,48,1,1499.99
1461,242,2,699.99
1462,263,1,89.99
1462,25,1,499.99
1462,223,1,529.99
1462,294,1,369.99
1462,251,1,2999.99
1463,51,2,6499.99
1463,168,1,1549
1464,109,2,416.99
1464,124,1,1499
1464,165,2,2499.99
1464,151,2,1549.99
1465,70,2,659.99
1466,310,2,899.99
1466,251,1,2999.99
1466,163,2,1349
1466,39,2,1499.99
1467,18,1,449
1467,115,1,3199.99
1467,278,2,369.99
1468,269,1,199.99
1468,58,1,4999.99
1468,50,2,5999.99
1469,77,2,799.99
1469,237,2,849.99
1469,182,1,2499.99
1469,100,2,489.99
1470,110,2,470.99
1470,287,1,279.99
1470,252,2,2999.99
1471,59,2,2599.99
1471,136,1,1799.99
1472,84,1,109.99
1472,300,1,799.99
1473,84,2,109.99
1473,102,1,489.99
1474,301,1,899.99
1474,123,1,999.99
1475,306,2,899.99
1475,261,2,899.99
1475,161,2,1899
1475,248,2,599.99
1476,142,2,3199.99
1476,91,2,349.99
1476,43,1,5299.99
1476,191,1,2799.99
1476,265,2,289.99
1477,210,2,1549
1478,100,2,489.99
1478,123,1,999.99
1479,252,1,2999.99
1479,256,1,899.99
1480,308,2,749.99
1480,82,2,659.99
1480,92,2,209.99
1480,225,2,959.99
1481,53,2,749.99
1481,130,1,919.99
1482,48,1,1499.99
1482,113,1,489.99
1482,58,2,4999.99
1482,40,1,4999.99
1482,205,2,4999.99
1483,280,1,489.99
1483,226,2,679.99
1484,295,2,319.99
1484,49,2,3499.99
1484,304,2,679.99
1485,122,2,2499.99
1485,276,1,319.99
1486,60,2,1559.99
1486,98,1,489.99
1486,113,1,489.99
1486,269,1,199.99
1487,160,1,4499.99
1487,151,2,1549.99
1487,198,1,2999.99
1487,196,1,2299.99
1487,96,2,349.99
1488,42,1,2299.99
1488,122,1,2499.99
1489,198,1,2999.99
1489,282,2,279.99
1489,52,1,875.99
1490,99,1,299.99
1490,254,1,749.99
1490,218,1,319.99
1491,95,2,299.99
1491,302,1,449.99
1491,60,2,1559.99
1491,139,2,2999.99
1492,37,2,379.99
1493,230,1,429.99
1494,230,2,429.99
1494,178,2,749.99
1494,264,2,249.99
1495,292,2,369.99
1495,308,2,749.99
1495,137,1,2599
1496,248,1,599.99
1496,214,1,899.99
1496,224,2,479.99
1496,302,1,449.99
1496,225,2,959.99
1497,141,2,1599.99
1497,198,2,2999.99
1497,204,2,3599.99
1498,172,1,3199.99
1498,260,2,799.99
1499,110,1,470.99
1499,208,1,1799.99
1499,268,2,159.99
1499,2,1,749.99
1499,171,2,3199.99
1500,41,2,1469.99
1500,293,1,319.99
1501,248,1,599.99
1501,219,1,639.99
1501,15,1,529.99
1501,67,1,250.99
1501,210,1,1549
1502,231,2,529.99
1502,19,2,449
1502,26,2,599.99
1502,268,1,159.99
1502,255,1,899.99
1503,217,1,909.99
1503,302,2,449.99
1504,276,1,319.99
1505,223,2,529.99
1505,24,2,549.99
1505,43,2,5299.99
1506,184,1,3499.99
1506,153,2,4999.99
1506,149,2,7499.99
1507,39,2,1499.99
1507,11,2,1680.99
1507,259,1,1199.99
1507,281,1,319.99
1507,293,2,319.99
1508,37,1,379.99
1508,109,1,416.99
1508,52,2,875.99
1508,88,1,189.99
1509,215,2,749.99
1510,142,2,3199.99
1510,68,1,449.99
1510,251,2,2999.99
1510,220,2,269.99
1510,137,1,2599
1511,144,2,1549.99
1511,288,1,389.99
1511,17,2,429
1511,41,1,1469.99
1511,124,2,1499
1512,217,1,909.99
1513,166,1,749.99
1513,61,2,4999.99
1513,159,2,2299.99
1514,240,2,899.99
1514,203,2,4999.99
1515,27,2,999.99
1515,202,2,3499.99
1515,310,2,899.99
1515,40,1,4999.99
1515,158,2,959.99
1516,172,2,3199.99
1516,253,1,2599.99
1516,196,2,2299.99
1516,259,2,1199.99
1516,271,2,209.99
1517,303,2,2599.99
1517,226,2,679.99
1518,304,2,679.99
1518,182,2,2499.99
1518,252,2,2999.99
1519,150,1,4499.99
1519,85,2,329.99
1519,124,2,1499
1519,65,1,346.99
1519,265,2,289.99
1520,186,1,4499.99
1520,188,2,3499.99
1520,310,2,899.99
1520,263,2,89.99
1521,100,1,489.99
1521,314,2,679.99
1521,123,1,999.99
1521,135,2,1499.99
1522,95,1,299.99
1522,141,1,1599.99
1522,117,1,1469.99
1523,311,2,749.99
1524,168,1,1549
1524,295,2,319.99
1524,313,1,449.99
1524,252,2,2999.99
1525,156,1,6499.99
1525,163,2,1349
1525,193,1,2799.99
1526,151,1,1549.99
1526,56,1,5499.99
1526,238,1,749.99
1526,243,1,679.99
1527,33,1,469.99
1527,103,1,551.99
1527,57,2,1999.99
1528,229,2,429.99
1529,23,1,299.99
1529,50,2,5999.99
1530,213,2,269.99
1530,116,1,749.99
1531,128,1,1899
1532,209,2,2999.99
1533,274,2,229.99
1533,78,1,647.99
1533,96,1,349.99
1533,235,2,899.99
1533,51,1,6499.99
1534,194,1,3499.99
1534,117,1,1469.99
1534,269,2,199.99
1534,172,2,3199.99
1535,92,1,209.99
1535,75,2,599.99
1536,183,1,2199.99
1536,185,2,2799.99
1536,196,2,2299.99
1537,237,2,849.99
1538,206,1,3299.99
1538,46,2,1409.99
1538,117,1,1469.99
1538,197,1,2299.99
1538,306,2,899.99
1539,6,2,469.99
1539,12,2,549.99
1540,71,2,416.99
1540,236,1,749.99
1540,224,1,479.99
1540,177,2,5499.99
1540,78,1,647.99
1541,155,2,11999.99
1541,248,2,599.99
1541,142,2,3199.99
1541,17,1,429
1541,86,2,149.99
1542,79,1,402.99
1542,122,2,2499.99
1542,184,2,3499.99
1542,37,2,379.99
1542,297,1,279.99
1543,108,2,449.99
1543,93,1,209.99
1543,158,2,959.99
1543,97,2,349.99
1543,136,1,1799.99
1544,194,2,3499.99
1544,107,2,416.99
1545,45,1,869.99
1546,156,1,6499.99
1546,185,2,2799.99
1546,215,1,749.99
1546,25,1,499.99
1547,106,2,449.99
1547,204,1,3599.99
1548,32,1,469.99
1548,202,1,3499.99
1548,62,2,3499.99
1549,158,1,959.99
1549,119,1,469.99
1549,249,2,749.99
1549,242,2,699.99
1550,315,2,559.99
1550,245,1,659.99
1550,185,2,2799.99
1550,148,1,5499.99
1550,86,2,149.99
1551,207,2,3999.99
1552,197,1,2299.99
1552,41,2,1469.99
1553,102,1,489.99
1553,12,1,549.99
1553,251,1,2999.99
1553,89,1,209.99
1554,166,1,749.99
1554,285,1,279.99
1555,24,2,549.99
1555,156,1,6499.99
1555,126,1,469.99
1555,128,2,1899
1555,174,1,3199.99
1556,49,2,3499.99
1556,82,1,659.99
1556,265,1,289.99
1556,119,2,469.99
1556,235,2,899.99
1557,163,2,1349
1558,46,2,1409.99
1558,123,1,999.99
1558,4,1,2899.99
1558,55,1,2699.99
1558,253,1,2599.99
1559,101,2,339.99
1559,18,1,449
1559,54,2,3199.99
1559,221,1,319.99
1560,118,2,999.99
1560,41,1,1469.99
1561,181,2,2199.99
1561,297,2,279.99
1562,54,1,3199.99
1562,66,1,250.99
1562,115,2,3199.99
1563,188,1,3499.99
1564,309,1,899.99
1564,14,1,269.99
1565,37,1,379.99
1565,92,1,209.99
1565,261,1,899.99
1565,95,1,299.99
1565,226,2,679.99
1566,179,1,919.99
1566,61,2,4999.99
1567,279,1,319.99
1568,146,1,4999.99
1568,105,1,533.99
1568,301,1,899.99
1569,252,1,2999.99
1570,155,1,11999.99
1571,312,2,699.99
1571,212,1,559.99
1571,20,2,599.99
1572,216,2,899.99
1572,198,1,2999.99
1572,115,1,3199.99
1572,304,2,679.99
1573,9,1,2999.99
1573,129,1,919.99
1573,15,2,529.99
1573,216,2,899.99
1573,263,2,89.99
1574,127,1,469.99
1575,44,1,539.99
1575,207,2,3999.99
1575,213,1,269.99
1575,126,2,469.99
1575,92,2,209.99
1576,69,1,416.99
1576,293,1,319.99
1576,202,2,3499.99
1577,298,2,279.99
1577,111,2,470.99
1577,300,2,799.99
1577,131,2,2599
1577,282,2,279.99
1578,204,2,3599.99
1578,310,1,899.99
1578,241,2,749.99
1579,49,1,3499.99
1579,214,1,899.99
1579,286,1,279.99
1579,65,2,346.99
1580,119,2,469.99
1580,86,2,149.99
1581,64,1,489.99
1581,272,1,289.99
1582,75,1,599.99
1582,133,2,1499.99
1583,15,1,529.99
1583,265,2,289.99
1584,45,2,869.99
1584,216,2,899.99
1584,43,1,5299.99
1584,187,1,2799.99
1584,147,2,1799.99
1585,313,1,449.99
1585,106,2,449.99
1585,207,2,3999.99
1585,95,1,299.99
1585,191,1,2799.99
1586,22,2,269.99
1586,277,1,369.99
1586,295,1,319.99
1586,173,1,3199.99
1586,36,1,832.99
1587,104,1,481.99
1587,63,2,3499.99
1587,78,2,647.99
1587,300,2,799.99
1588,93,2,209.99
1589,246,2,639.99
1589,260,1,799.99
1589,28,2,2499.99
1590,175,2,3199.99
1590,248,1,599.99
1590,23,1,299.99
1591,286,2,279.99
1591,126,2,469.99
1591,97,2,349.99
1591,138,2,2249.99
1591,265,1,289.99
1592,211,2,1549
1592,159,1,2299.99
1592,40,2,4999.99
1592,9,1,2999.99
1592,271,2,209.99
1593,97,2,349.99
1593,34,1,469.99
1593,190,2,2799.99
1593,107,1,416.99
1593,169,2,6499.99
1594,79,2,402.99
1594,105,1,533.99
1595,112,1,379.99
1596,91,1,349.99
1596,18,1,449
1597,176,1,3199.99
1597,59,1,2599.99
1598,247,1,599.99
1598,49,2,3499.99
1598,88,1,189.99
1599,104,2,481.99
1600,146,1,4999.99
1600,295,1,319.99
1600,36,1,832.99
1601,114,2,579.99
1601,10,1,1549
1601,220,2,269.99
1601,7,2,3999.99
1601,180,1,919.99
1602,71,2,416.99
1602,37,1,379.99
1602,275,2,229.99
1602,257,2,899.99
1603,275,2,229.99
1604,271,1,209.99
1605,72,1,619.99
1605,186,1,4499.99
1605,132,2,1499.99
1605,301,1,899.99
1605,29,1,999.99
1606,245,1,659.99
1606,271,1,209.99
1607,29,1,999.99
1608,231,2,529.99
1609,96,1,349.99
1609,238,2,749.99
1609,228,2,319.99
1609,105,1,533.99
1610,36,1,832.99
1610,173,2,3199.99
1611,191,1,2799.99
1611,171,2,3199.99
1611,236,1,749.99
1612,242,1,699.99
1612,289,2,319.99
1612,101,2,339.99
1612,293,2,319.99
1612,60,1,1559.99
1613,153,1,4999.99
1613,283,2,319.99
1614,124,1,1499
1614,159,2,2299.99
1614,213,2,269.99
1615,197,2,2299.99
1615,214,1,899.99
1615,182,1,2499.99
