order_id,customer_id,order_status,order_date,required_date,shipped_date,store_id
1,259,4,1/1/2016,1/3/2016,1/3/2016,1
2,1212,4,1/1/2016,1/4/2016,1/3/2016,2
3,523,4,1/2/2016,1/5/2016,1/3/2016,2
4,175,4,1/3/2016,1/4/2016,1/5/2016,1
5,1324,4,1/3/2016,1/6/2016,1/6/2016,2
6,94,4,1/4/2016,1/7/2016,1/5/2016,2
7,324,4,1/4/2016,1/7/2016,1/5/2016,2
8,1204,4,1/4/2016,1/5/2016,1/5/2016,2
9,60,4,1/5/2016,1/8/2016,1/8/2016,1
10,442,4,1/5/2016,1/6/2016,1/6/2016,2
11,1326,4,1/5/2016,1/8/2016,1/7/2016,2
12,91,4,1/6/2016,1/8/2016,1/9/2016,1
13,873,4,1/8/2016,1/11/2016,1/11/2016,2
14,258,4,1/9/2016,1/11/2016,1/12/2016,1
15,450,4,1/9/2016,1/10/2016,1/12/2016,2
16,552,4,1/12/2016,1/15/2016,1/15/2016,1
17,1175,4,1/12/2016,1/14/2016,1/14/2016,1
18,541,4,1/14/2016,1/17/2016,1/15/2016,1
19,696,4,1/14/2016,1/17/2016,1/16/2016,1
20,923,4,1/14/2016,1/16/2016,1/17/2016,1
21,1250,4,1/15/2016,1/16/2016,1/18/2016,2
22,1035,4,1/16/2016,1/18/2016,1/17/2016,1
23,1149,4,1/16/2016,1/19/2016,1/19/2016,1
24,636,4,1/18/2016,1/20/2016,1/19/2016,2
25,657,4,1/18/2016,1/21/2016,1/21/2016,2
26,1280,4,1/18/2016,1/21/2016,1/19/2016,2
27,57,4,1/19/2016,1/21/2016,1/20/2016,2
28,252,4,1/19/2016,1/20/2016,1/21/2016,2
29,437,4,1/20/2016,1/22/2016,1/21/2016,2
30,1348,4,1/20/2016,1/21/2016,1/21/2016,2
31,1238,4,1/20/2016,1/22/2016,1/22/2016,3
32,1259,4,1/21/2016,1/24/2016,1/22/2016,1
33,236,4,1/21/2016,1/22/2016,1/22/2016,2
34,80,4,1/22/2016,1/25/2016,1/23/2016,2
35,813,4,1/22/2016,1/25/2016,1/24/2016,2
36,1321,4,1/23/2016,1/24/2016,1/24/2016,2
37,164,4,1/25/2016,1/28/2016,1/26/2016,2
38,583,4,1/25/2016,1/27/2016,1/26/2016,2
39,1296,4,1/25/2016,1/26/2016,1/26/2016,2
40,348,4,1/27/2016,1/28/2016,1/29/2016,1
41,979,4,1/27/2016,1/30/2016,1/29/2016,2
42,1095,4,1/27/2016,1/28/2016,1/30/2016,2
43,1434,4,1/27/2016,1/28/2016,1/30/2016,2
44,861,4,1/28/2016,1/31/2016,1/30/2016,2
45,1220,4,1/28/2016,1/31/2016,1/31/2016,2
46,746,4,1/29/2016,1/31/2016,1/31/2016,2
47,1234,4,1/29/2016,1/30/2016,1/31/2016,2
48,1012,4,1/30/2016,2/1/2016,2/2/2016,2
49,608,4,1/31/2016,2/1/2016,2/2/2016,2
50,872,4,1/31/2016,2/3/2016,2/2/2016,3
51,1047,4,2/1/2016,2/2/2016,2/3/2016,2
52,767,4,2/3/2016,2/4/2016,2/5/2016,1
53,965,4,2/3/2016,2/4/2016,2/5/2016,2
54,535,4,2/4/2016,2/7/2016,2/7/2016,2
55,1173,4,2/4/2016,2/7/2016,2/6/2016,2
56,1241,4,2/4/2016,2/6/2016,2/7/2016,2
57,1305,4,2/4/2016,2/6/2016,2/6/2016,2
58,504,4,2/5/2016,2/7/2016,2/7/2016,2
59,563,4,2/5/2016,2/7/2016,2/6/2016,2
60,151,4,2/6/2016,2/8/2016,2/7/2016,1
61,277,4,2/6/2016,2/9/2016,2/9/2016,2
62,208,4,2/7/2016,2/10/2016,2/10/2016,1
63,1075,4,2/7/2016,2/9/2016,2/9/2016,2
64,1185,4,2/7/2016,2/8/2016,2/9/2016,2
65,996,4,2/8/2016,2/9/2016,2/11/2016,2
66,1253,4,2/9/2016,2/12/2016,2/12/2016,2
67,526,4,2/9/2016,2/11/2016,2/10/2016,3
68,381,4,2/10/2016,2/11/2016,2/13/2016,2
69,1413,4,2/10/2016,2/12/2016,2/11/2016,2
70,50,3,2/11/2016,2/11/2016,NULL,3
71,797,4,2/11/2016,2/14/2016,2/12/2016,2
72,1386,4,2/12/2016,2/15/2016,2/13/2016,1
73,612,4,2/12/2016,2/15/2016,2/14/2016,2
74,264,4,2/13/2016,2/15/2016,2/15/2016,2
75,587,4,2/14/2016,2/15/2016,2/17/2016,2
76,9,3,2/16/2016,2/16/2016,NULL,2
77,385,4,2/16/2016,2/19/2016,2/19/2016,1
78,1182,4,2/16/2016,2/18/2016,2/19/2016,2
79,529,4,2/17/2016,2/20/2016,2/20/2016,1
80,397,4,2/17/2016,2/20/2016,2/19/2016,2
81,521,4,2/17/2016,2/19/2016,2/18/2016,2
82,1223,4,2/18/2016,2/21/2016,2/20/2016,2
83,393,4,2/19/2016,2/20/2016,2/20/2016,1
84,317,4,2/20/2016,2/22/2016,2/21/2016,2
85,1174,4,2/20/2016,2/23/2016,2/21/2016,2
86,276,4,2/21/2016,2/22/2016,2/23/2016,2
87,516,4,2/21/2016,2/22/2016,2/23/2016,2
88,1069,4,2/21/2016,2/22/2016,2/23/2016,2
89,668,4,2/21/2016,2/24/2016,2/24/2016,3
90,414,4,2/23/2016,2/25/2016,2/24/2016,2
91,648,4,2/25/2016,2/27/2016,2/28/2016,1
92,1309,4,2/25/2016,2/28/2016,2/28/2016,2
93,1328,4,2/26/2016,2/28/2016,2/27/2016,1
94,929,4,2/27/2016,2/28/2016,2/29/2016,1
95,218,4,2/27/2016,2/29/2016,2/28/2016,2
96,1094,4,2/27/2016,2/29/2016,2/28/2016,2
97,204,4,2/28/2016,2/29/2016,3/1/2016,2
98,1194,4,2/28/2016,2/29/2016,2/29/2016,2
99,1165,4,2/29/2016,3/1/2016,3/3/2016,3
100,1237,4,3/1/2016,3/4/2016,3/3/2016,2
101,271,4,3/1/2016,3/4/2016,3/4/2016,3
102,336,4,3/2/2016,3/5/2016,3/3/2016,2
103,991,4,3/3/2016,3/6/2016,3/5/2016,1
104,7,4,3/3/2016,3/5/2016,3/5/2016,2
105,306,4,3/3/2016,3/5/2016,3/4/2016,2
106,422,4,3/4/2016,3/5/2016,3/5/2016,3
107,633,4,3/6/2016,3/9/2016,3/9/2016,1
108,12,4,3/6/2016,3/9/2016,3/7/2016,2
109,1255,4,3/6/2016,3/9/2016,3/9/2016,2
110,677,4,3/6/2016,3/8/2016,3/9/2016,3
111,630,4,3/7/2016,3/10/2016,3/10/2016,2
112,469,4,3/8/2016,3/11/2016,3/10/2016,2
113,1078,4,3/8/2016,3/11/2016,3/11/2016,2
114,1431,4,3/8/2016,3/10/2016,3/11/2016,2
115,1369,4,3/9/2016,3/11/2016,3/11/2016,2
116,471,4,3/10/2016,3/11/2016,3/11/2016,2
117,740,4,3/10/2016,3/13/2016,3/11/2016,2
118,577,4,3/12/2016,3/14/2016,3/13/2016,1
119,925,4,3/12/2016,3/14/2016,3/14/2016,2
120,327,4,3/14/2016,3/15/2016,3/17/2016,2
121,755,4,3/14/2016,3/15/2016,3/16/2016,2
122,786,4,3/14/2016,3/16/2016,3/15/2016,2
123,766,4,3/15/2016,3/18/2016,3/17/2016,2
124,403,4,3/16/2016,3/18/2016,3/17/2016,1
125,685,4,3/16/2016,3/19/2016,3/17/2016,2
126,1365,4,3/16/2016,3/18/2016,3/18/2016,2
127,484,4,3/17/2016,3/18/2016,3/19/2016,3
128,86,4,3/18/2016,3/20/2016,3/21/2016,2
129,84,4,3/19/2016,3/21/2016,3/21/2016,2
130,1049,4,3/19/2016,3/22/2016,3/20/2016,2
131,316,4,3/19/2016,3/22/2016,3/20/2016,3
132,46,4,3/20/2016,3/22/2016,3/23/2016,1
133,409,4,3/20/2016,3/22/2016,3/21/2016,2
134,679,4,3/20/2016,3/21/2016,3/21/2016,2
135,1354,4,3/21/2016,3/23/2016,3/23/2016,2
136,1192,4,3/21/2016,3/24/2016,3/23/2016,3
137,370,4,3/23/2016,3/26/2016,3/25/2016,2
138,438,4,3/23/2016,3/24/2016,3/25/2016,2
139,710,4,3/23/2016,3/24/2016,3/26/2016,2
140,1264,4,3/23/2016,3/26/2016,3/26/2016,2
141,557,4,3/25/2016,3/27/2016,3/26/2016,2
142,170,4,3/26/2016,3/27/2016,3/27/2016,1
143,693,4,3/26/2016,3/28/2016,3/28/2016,2
144,1124,4,3/26/2016,3/29/2016,3/29/2016,2
145,366,4,3/27/2016,3/29/2016,3/30/2016,2
146,288,4,3/28/2016,3/30/2016,3/30/2016,1
147,55,4,3/28/2016,3/31/2016,3/31/2016,2
148,714,4,3/28/2016,3/30/2016,3/30/2016,2
149,763,4,3/28/2016,3/30/2016,3/29/2016,2
150,332,4,3/29/2016,3/31/2016,4/1/2016,1
151,926,4,3/29/2016,4/1/2016,3/31/2016,1
152,76,4,3/29/2016,3/30/2016,3/30/2016,2
153,498,4,3/30/2016,4/2/2016,4/1/2016,2
154,1286,4,3/31/2016,4/1/2016,4/1/2016,1
155,371,4,4/2/2016,4/3/2016,4/4/2016,2
156,357,4,4/3/2016,4/6/2016,4/5/2016,1
157,43,4,4/3/2016,4/6/2016,4/6/2016,3
158,117,3,4/4/2016,4/4/2016,NULL,3
159,32,4,4/4/2016,4/6/2016,4/6/2016,1
160,205,4,4/4/2016,4/6/2016,4/6/2016,2
161,251,4,4/4/2016,4/7/2016,4/5/2016,2
162,31,4,4/6/2016,4/8/2016,4/7/2016,1
163,1325,4,4/6/2016,4/7/2016,4/7/2016,2
164,610,4,4/7/2016,4/8/2016,4/9/2016,2
165,574,4,4/8/2016,4/10/2016,4/10/2016,1
166,338,4,4/8/2016,4/11/2016,4/11/2016,2
167,1034,4,4/8/2016,4/9/2016,4/11/2016,2
168,1147,4,4/9/2016,4/12/2016,4/11/2016,1
169,99,4,4/10/2016,4/11/2016,4/11/2016,2
170,1200,4,4/10/2016,4/11/2016,4/13/2016,2
171,237,4,4/11/2016,4/14/2016,4/14/2016,1
172,1079,4,4/11/2016,4/12/2016,4/14/2016,2
173,117,4,4/11/2016,4/14/2016,4/13/2016,3
174,1361,4,4/12/2016,4/13/2016,4/15/2016,2
175,951,4,4/13/2016,4/14/2016,4/14/2016,2
176,643,4,4/15/2016,4/16/2016,4/17/2016,2
177,121,4,4/16/2016,4/19/2016,4/19/2016,1
178,756,4,4/16/2016,4/17/2016,4/18/2016,2
179,616,4,4/17/2016,4/19/2016,4/19/2016,2
180,918,4,4/17/2016,4/20/2016,4/19/2016,2
181,459,4,4/18/2016,4/20/2016,4/20/2016,1
182,854,4,4/18/2016,4/19/2016,4/20/2016,2
183,22,4,4/19/2016,4/20/2016,4/20/2016,2
184,134,4,4/19/2016,4/21/2016,4/22/2016,2
185,24,3,4/20/2016,4/20/2016,NULL,1
186,1127,4,4/21/2016,4/22/2016,4/24/2016,2
187,183,4,4/22/2016,4/23/2016,4/24/2016,2
188,390,4,4/22/2016,4/23/2016,4/25/2016,2
189,1288,4,4/23/2016,4/24/2016,4/26/2016,1
190,98,4,4/23/2016,4/25/2016,4/25/2016,2
191,919,4,4/27/2016,4/28/2016,4/28/2016,1
192,728,4,4/27/2016,4/28/2016,4/29/2016,2
193,1366,4,4/28/2016,4/30/2016,4/30/2016,1
194,558,4,4/28/2016,4/30/2016,5/1/2016,2
195,727,4,4/28/2016,5/1/2016,5/1/2016,2
196,1247,4,4/28/2016,4/30/2016,5/1/2016,2
197,127,4,4/30/2016,5/3/2016,5/3/2016,2
198,640,4,5/1/2016,5/4/2016,5/3/2016,2
199,760,4,5/1/2016,5/4/2016,5/4/2016,2
200,1074,4,5/1/2016,5/3/2016,5/3/2016,2
201,280,4,5/1/2016,5/4/2016,5/2/2016,3
202,600,4,5/3/2016,5/5/2016,5/4/2016,1
203,1102,4,5/3/2016,5/5/2016,5/6/2016,3
204,591,4,5/4/2016,5/7/2016,5/6/2016,2
205,635,4,5/4/2016,5/5/2016,5/6/2016,2
206,743,4,5/4/2016,5/6/2016,5/5/2016,3
207,105,4,5/5/2016,5/7/2016,5/7/2016,2
208,815,4,5/6/2016,5/7/2016,5/9/2016,2
209,514,4,5/7/2016,5/8/2016,5/8/2016,2
210,943,4,5/7/2016,5/8/2016,5/9/2016,2
211,1140,4,5/7/2016,5/9/2016,5/8/2016,2
212,1373,4,5/8/2016,5/9/2016,5/11/2016,2
213,788,4,5/8/2016,5/9/2016,5/9/2016,3
214,363,4,5/10/2016,5/12/2016,5/11/2016,2
215,1420,4,5/10/2016,5/13/2016,5/12/2016,2
216,267,4,5/11/2016,5/14/2016,5/13/2016,1
217,716,4,5/11/2016,5/12/2016,5/14/2016,2
218,1179,4,5/12/2016,5/14/2016,5/14/2016,2
219,1338,4,5/12/2016,5/15/2016,5/15/2016,2
220,1358,4,5/12/2016,5/14/2016,5/15/2016,2
221,1218,4,5/13/2016,5/16/2016,5/14/2016,1
222,51,4,5/13/2016,5/16/2016,5/14/2016,2
223,1368,4,5/15/2016,5/16/2016,5/17/2016,2
224,157,4,5/17/2016,5/18/2016,5/19/2016,1
225,307,4,5/17/2016,5/20/2016,5/19/2016,1
226,501,4,5/17/2016,5/19/2016,5/20/2016,1
227,489,4,5/17/2016,5/18/2016,5/20/2016,2
228,615,4,5/17/2016,5/20/2016,5/20/2016,2
229,742,4,5/19/2016,5/21/2016,5/20/2016,2
230,1167,4,5/19/2016,5/20/2016,5/21/2016,2
231,1257,4,5/19/2016,5/22/2016,5/21/2016,2
232,1360,4,5/20/2016,5/23/2016,5/23/2016,1
233,737,4,5/21/2016,5/22/2016,5/24/2016,2
234,1435,4,5/22/2016,5/24/2016,5/24/2016,2
235,649,4,5/24/2016,5/25/2016,5/25/2016,2
236,206,4,5/25/2016,5/27/2016,5/26/2016,2
237,1351,4,5/25/2016,5/26/2016,5/27/2016,2
238,1350,4,5/26/2016,5/29/2016,5/29/2016,2
239,13,3,5/27/2016,5/27/2016,NULL,3
240,65,4,5/27/2016,5/29/2016,5/30/2016,2
241,1082,4,5/27/2016,5/29/2016,5/29/2016,2
242,1168,4,5/27/2016,5/30/2016,5/30/2016,2
243,802,4,5/27/2016,5/30/2016,5/28/2016,3
244,956,4,5/28/2016,5/29/2016,5/29/2016,2
245,223,4,5/29/2016,5/31/2016,5/30/2016,2
246,17,3,5/30/2016,5/30/2016,NULL,2
247,928,4,5/30/2016,6/1/2016,6/1/2016,1
248,1376,4,5/30/2016,6/1/2016,5/31/2016,2
249,145,4,6/1/2016,6/4/2016,6/4/2016,2
250,150,4,6/1/2016,6/2/2016,6/4/2016,2
251,851,4,6/1/2016,6/4/2016,6/4/2016,2
252,66,4,6/1/2016,6/4/2016,6/2/2016,3
253,1267,4,6/2/2016,6/5/2016,6/5/2016,2
254,510,4,6/3/2016,6/6/2016,6/5/2016,2
255,801,4,6/3/2016,6/6/2016,6/5/2016,2
256,26,4,6/4/2016,6/5/2016,6/7/2016,2
257,1314,4,6/5/2016,6/6/2016,6/8/2016,1
258,107,4,6/6/2016,6/7/2016,6/7/2016,2
259,413,4,6/6/2016,6/9/2016,6/9/2016,2
260,632,4,6/6/2016,6/8/2016,6/8/2016,2
261,1045,4,6/8/2016,6/10/2016,6/9/2016,1
262,579,4,6/8/2016,6/11/2016,6/10/2016,3
263,1322,4,6/9/2016,6/10/2016,6/12/2016,2
264,5,3,6/10/2016,6/10/2016,NULL,1
265,682,4,6/10/2016,6/12/2016,6/11/2016,2
266,933,4,6/10/2016,6/13/2016,6/13/2016,2
267,282,4,6/11/2016,6/14/2016,6/14/2016,1
268,540,4,6/11/2016,6/14/2016,6/12/2016,1
269,764,4,6/12/2016,6/13/2016,6/15/2016,2
270,879,4,6/12/2016,6/15/2016,6/13/2016,2
271,350,4,6/13/2016,6/16/2016,6/14/2016,2
272,497,4,6/15/2016,6/18/2016,6/16/2016,2
273,1340,4,6/16/2016,6/19/2016,6/17/2016,2
274,411,4,6/17/2016,6/20/2016,6/18/2016,2
275,1341,4,6/17/2016,6/19/2016,6/18/2016,2
276,1227,4,6/18/2016,6/19/2016,6/19/2016,2
277,546,4,6/19/2016,6/20/2016,6/20/2016,2
278,1301,4,6/20/2016,6/23/2016,6/21/2016,1
279,378,4,6/21/2016,6/22/2016,6/22/2016,2
280,638,4,6/21/2016,6/22/2016,6/23/2016,2
281,800,4,6/21/2016,6/22/2016,6/23/2016,2
282,159,4,6/22/2016,6/25/2016,6/25/2016,3
283,181,4,6/23/2016,6/26/2016,6/26/2016,1
284,1356,4,6/23/2016,6/25/2016,6/25/2016,2
285,319,4,6/25/2016,6/26/2016,6/27/2016,1
286,59,4,6/25/2016,6/26/2016,6/26/2016,2
287,133,4,6/25/2016,6/26/2016,6/27/2016,2
288,780,4,6/25/2016,6/28/2016,6/28/2016,2
289,849,4,6/27/2016,6/28/2016,6/30/2016,2
290,202,4,6/28/2016,6/29/2016,6/30/2016,2
291,158,4,6/29/2016,6/30/2016,7/1/2016,2
292,360,4,6/29/2016,6/30/2016,7/2/2016,3
293,573,4,6/30/2016,7/3/2016,7/2/2016,2
294,732,4,7/1/2016,7/2/2016,7/2/2016,2
295,1130,4,7/1/2016,7/4/2016,7/4/2016,2
296,1245,4,7/4/2016,7/7/2016,7/6/2016,2
297,1425,4,7/4/2016,7/5/2016,7/6/2016,2
298,885,4,7/4/2016,7/7/2016,7/7/2016,3
299,281,4,7/5/2016,7/6/2016,7/7/2016,2
300,1205,4,7/5/2016,7/8/2016,7/8/2016,2
301,17,4,7/6/2016,7/9/2016,7/8/2016,2
302,1375,4,7/6/2016,7/7/2016,7/9/2016,2
303,36,4,7/7/2016,7/8/2016,7/9/2016,2
304,230,4,7/7/2016,7/8/2016,7/8/2016,2
305,705,4,7/7/2016,7/8/2016,7/8/2016,2
306,424,4,7/9/2016,7/10/2016,7/12/2016,2
307,695,4,7/9/2016,7/11/2016,7/11/2016,2
308,156,4,7/11/2016,7/12/2016,7/14/2016,2
309,211,4,7/11/2016,7/13/2016,7/13/2016,2
310,627,4,7/12/2016,7/13/2016,7/13/2016,1
311,1400,4,7/12/2016,7/14/2016,7/13/2016,2
312,299,4,7/13/2016,7/15/2016,7/16/2016,2
313,565,4,7/14/2016,7/15/2016,7/15/2016,3
314,1019,4,7/15/2016,7/17/2016,7/17/2016,2
315,1263,4,7/16/2016,7/19/2016,7/17/2016,2
316,670,4,7/17/2016,7/20/2016,7/19/2016,2
317,795,4,7/17/2016,7/20/2016,7/19/2016,2
318,1141,4,7/17/2016,7/19/2016,7/20/2016,2
319,941,4,7/18/2016,7/21/2016,7/21/2016,2
320,1428,4,7/19/2016,7/20/2016,7/21/2016,1
321,568,4,7/19/2016,7/22/2016,7/21/2016,2
322,924,4,7/19/2016,7/22/2016,7/20/2016,2
323,1243,4,7/19/2016,7/22/2016,7/21/2016,2
324,480,4,7/20/2016,7/22/2016,7/23/2016,2
325,848,4,7/20/2016,7/21/2016,7/21/2016,2
326,1337,4,7/20/2016,7/21/2016,7/22/2016,3
327,83,4,7/21/2016,7/24/2016,7/22/2016,2
328,528,4,7/23/2016,7/26/2016,7/25/2016,2
329,274,4,7/24/2016,7/27/2016,7/26/2016,2
330,622,4,7/24/2016,7/27/2016,7/27/2016,2
331,642,4,7/24/2016,7/26/2016,7/25/2016,2
332,659,4,7/24/2016,7/26/2016,7/26/2016,2
333,779,4,7/25/2016,7/27/2016,7/26/2016,2
334,1112,4,7/25/2016,7/28/2016,7/27/2016,2
335,1193,4,7/25/2016,7/27/2016,7/26/2016,2
336,1030,4,7/26/2016,7/29/2016,7/27/2016,2
337,1252,4,7/26/2016,7/27/2016,7/28/2016,2
338,1333,4,7/28/2016,7/29/2016,7/30/2016,1
339,1110,4,7/28/2016,7/31/2016,7/29/2016,2
340,963,4,7/29/2016,7/30/2016,7/31/2016,2
341,1357,4,7/31/2016,8/3/2016,8/1/2016,1
342,806,4,7/31/2016,8/1/2016,8/3/2016,2
343,961,4,7/31/2016,8/2/2016,8/1/2016,2
344,750,4,8/1/2016,8/3/2016,8/2/2016,2
345,1299,4,8/1/2016,8/4/2016,8/3/2016,2
346,584,4,8/1/2016,8/3/2016,8/2/2016,3
347,1004,4,8/2/2016,8/3/2016,8/5/2016,2
348,907,4,8/2/2016,8/5/2016,8/4/2016,3
349,30,3,8/3/2016,8/3/2016,NULL,1
350,31,3,8/3/2016,8/3/2016,NULL,1
351,1307,4,8/3/2016,8/6/2016,8/4/2016,1
352,16,4,8/3/2016,8/4/2016,8/6/2016,2
353,1387,4,8/3/2016,8/6/2016,8/6/2016,2
354,551,4,8/3/2016,8/5/2016,8/6/2016,3
355,1011,4,8/3/2016,8/5/2016,8/5/2016,3
356,1189,4,8/4/2016,8/7/2016,8/6/2016,2
357,14,3,8/5/2016,8/5/2016,NULL,3
358,1042,4,8/5/2016,8/7/2016,8/7/2016,2
359,441,4,8/7/2016,8/10/2016,8/10/2016,2
360,1300,4,8/7/2016,8/9/2016,8/10/2016,2
361,994,4,8/8/2016,8/9/2016,8/11/2016,2
362,187,4,8/9/2016,8/11/2016,8/11/2016,1
363,834,4,8/11/2016,8/12/2016,8/13/2016,3
364,373,4,8/12/2016,8/14/2016,8/13/2016,2
365,981,4,8/13/2016,8/14/2016,8/15/2016,2
366,1054,4,8/13/2016,8/14/2016,8/14/2016,3
367,527,4,8/14/2016,8/15/2016,8/15/2016,2
368,995,4,8/14/2016,8/15/2016,8/17/2016,2
369,1285,4,8/15/2016,8/18/2016,8/18/2016,1
370,758,4,8/15/2016,8/18/2016,8/18/2016,2
371,891,4,8/15/2016,8/16/2016,8/18/2016,2
372,132,4,8/16/2016,8/18/2016,8/18/2016,2
373,337,4,8/16/2016,8/19/2016,8/17/2016,2
374,1313,4,8/17/2016,8/19/2016,8/18/2016,1
375,536,4,8/17/2016,8/20/2016,8/20/2016,2
376,825,4,8/17/2016,8/19/2016,8/18/2016,2
377,1355,4,8/17/2016,8/19/2016,8/20/2016,2
378,475,4,8/17/2016,8/20/2016,8/20/2016,3
379,954,4,8/18/2016,8/21/2016,8/21/2016,2
380,1156,4,8/19/2016,8/20/2016,8/21/2016,2
381,1297,4,8/19/2016,8/21/2016,8/21/2016,2
382,199,4,8/20/2016,8/23/2016,8/23/2016,2
383,331,4,8/20/2016,8/23/2016,8/22/2016,2
384,410,4,8/20/2016,8/22/2016,8/23/2016,2
385,1274,4,8/20/2016,8/23/2016,8/22/2016,2
386,1362,4,8/20/2016,8/23/2016,8/23/2016,2
387,451,4,8/20/2016,8/21/2016,8/21/2016,3
388,1080,4,8/21/2016,8/24/2016,8/23/2016,3
389,53,4,8/22/2016,8/24/2016,8/25/2016,1
390,576,4,8/22/2016,8/24/2016,8/25/2016,3
391,61,3,8/23/2016,8/23/2016,NULL,3
392,176,4,8/23/2016,8/26/2016,8/24/2016,1
393,368,4,8/25/2016,8/26/2016,8/27/2016,2
394,522,4,8/26/2016,8/28/2016,8/29/2016,1
395,144,4,8/26/2016,8/27/2016,8/29/2016,2
396,542,4,8/27/2016,8/30/2016,8/29/2016,2
397,1437,4,8/28/2016,8/31/2016,8/29/2016,2
398,447,4,8/29/2016,8/30/2016,9/1/2016,1
399,1001,4,8/29/2016,9/1/2016,9/1/2016,2
400,1295,4,8/29/2016,8/30/2016,8/31/2016,2
401,103,4,8/30/2016,9/2/2016,9/1/2016,2
402,1335,4,8/30/2016,9/1/2016,8/31/2016,2
403,578,4,8/31/2016,9/1/2016,9/2/2016,1
404,396,4,8/31/2016,9/3/2016,9/1/2016,2
405,603,4,8/31/2016,9/1/2016,9/1/2016,2
406,1380,4,8/31/2016,9/2/2016,9/1/2016,2
407,77,3,9/1/2016,9/1/2016,NULL,3
408,1071,4,9/1/2016,9/2/2016,9/2/2016,1
409,416,4,9/1/2016,9/4/2016,9/4/2016,2
410,1151,4,9/1/2016,9/3/2016,9/2/2016,2
411,261,4,9/2/2016,9/4/2016,9/4/2016,1
412,1202,4,9/2/2016,9/4/2016,9/4/2016,1
413,717,4,9/2/2016,9/5/2016,9/3/2016,2
414,917,4,9/3/2016,9/6/2016,9/6/2016,2
415,1265,4,9/3/2016,9/6/2016,9/6/2016,2
416,1377,4,9/3/2016,9/4/2016,9/6/2016,2
417,359,4,9/4/2016,9/5/2016,9/6/2016,1
418,88,4,9/4/2016,9/5/2016,9/5/2016,2
419,14,4,9/4/2016,9/7/2016,9/6/2016,3
420,72,4,9/5/2016,9/6/2016,9/7/2016,1
421,240,4,9/5/2016,9/6/2016,9/8/2016,1
422,398,4,9/6/2016,9/7/2016,9/9/2016,2
423,1397,4,9/6/2016,9/9/2016,9/9/2016,2
424,67,4,9/8/2016,9/11/2016,9/11/2016,1
425,843,4,9/8/2016,9/11/2016,9/11/2016,2
426,944,4,9/8/2016,9/10/2016,9/10/2016,2
427,434,4,9/9/2016,9/10/2016,9/11/2016,1
428,1039,4,9/9/2016,9/12/2016,9/10/2016,2
429,153,4,9/10/2016,9/12/2016,9/12/2016,3
430,272,4,9/11/2016,9/13/2016,9/12/2016,2
431,1217,4,9/11/2016,9/12/2016,9/12/2016,2
432,169,4,9/12/2016,9/15/2016,9/14/2016,1
433,1062,4,9/12/2016,9/15/2016,9/13/2016,2
434,726,4,9/13/2016,9/15/2016,9/14/2016,2
435,77,4,9/14/2016,9/15/2016,9/16/2016,3
436,791,4,9/16/2016,9/19/2016,9/19/2016,2
437,1085,4,9/16/2016,9/18/2016,9/18/2016,2
438,314,4,9/16/2016,9/19/2016,9/18/2016,3
439,149,4,9/17/2016,9/20/2016,9/18/2016,2
440,882,4,9/17/2016,9/18/2016,9/19/2016,2
441,704,4,9/18/2016,9/19/2016,9/19/2016,1
442,667,4,9/18/2016,9/21/2016,9/21/2016,2
443,1371,4,9/18/2016,9/19/2016,9/20/2016,2
444,30,4,9/19/2016,9/20/2016,9/21/2016,1
445,362,4,9/19/2016,9/22/2016,9/22/2016,2
446,399,4,9/19/2016,9/21/2016,9/20/2016,2
447,808,4,9/20/2016,9/23/2016,9/22/2016,3
448,101,4,9/21/2016,9/22/2016,9/24/2016,2
449,492,4,9/21/2016,9/24/2016,9/22/2016,2
450,575,4,9/21/2016,9/24/2016,9/23/2016,2
451,1146,4,9/21/2016,9/23/2016,9/22/2016,2
452,997,4,9/22/2016,9/23/2016,9/24/2016,2
453,1028,4,9/22/2016,9/24/2016,9/25/2016,2
454,988,4,9/23/2016,9/25/2016,9/26/2016,2
455,1055,4,9/23/2016,9/24/2016,9/24/2016,2
456,1061,4,9/23/2016,9/26/2016,9/25/2016,3
457,1349,4,9/24/2016,9/27/2016,9/27/2016,1
458,197,4,9/25/2016,9/28/2016,9/26/2016,2
459,874,4,9/25/2016,9/28/2016,9/26/2016,2
460,691,4,9/25/2016,9/27/2016,9/26/2016,3
461,853,4,9/26/2016,9/27/2016,9/27/2016,2
462,852,4,9/27/2016,9/28/2016,9/29/2016,2
463,964,4,9/27/2016,9/28/2016,9/28/2016,3
464,74,4,9/28/2016,9/30/2016,9/29/2016,2
465,1198,4,9/28/2016,10/1/2016,10/1/2016,2
466,1440,4,9/28/2016,9/29/2016,10/1/2016,2
467,555,4,9/28/2016,9/30/2016,9/30/2016,3
468,1261,4,9/29/2016,10/2/2016,9/30/2016,1
469,1089,4,9/29/2016,10/2/2016,10/2/2016,2
470,641,4,9/30/2016,10/2/2016,10/2/2016,1
471,697,4,9/30/2016,10/2/2016,10/1/2016,1
472,468,4,9/30/2016,10/1/2016,10/1/2016,2
473,549,4,9/30/2016,10/2/2016,10/3/2016,2
474,553,4,10/1/2016,10/4/2016,10/4/2016,1
475,241,4,10/1/2016,10/4/2016,10/3/2016,2
476,559,4,10/1/2016,10/4/2016,10/2/2016,2
477,449,4,10/2/2016,10/5/2016,10/4/2016,1
478,304,4,10/2/2016,10/5/2016,10/3/2016,2
479,984,4,10/3/2016,10/4/2016,10/4/2016,2
480,686,4,10/4/2016,10/7/2016,10/5/2016,1
481,481,4,10/4/2016,10/7/2016,10/6/2016,3
482,513,4,10/5/2016,10/6/2016,10/6/2016,2
483,703,4,10/6/2016,10/7/2016,10/9/2016,1
484,421,4,10/6/2016,10/9/2016,10/7/2016,2
485,465,4,10/6/2016,10/8/2016,10/7/2016,2
486,709,4,10/6/2016,10/8/2016,10/9/2016,2
487,827,4,10/6/2016,10/9/2016,10/9/2016,2
488,921,4,10/6/2016,10/9/2016,10/8/2016,2
489,899,4,10/6/2016,10/8/2016,10/8/2016,3
490,876,4,10/7/2016,10/10/2016,10/9/2016,2
491,1048,4,10/8/2016,10/10/2016,10/11/2016,1
492,191,4,10/9/2016,10/10/2016,10/12/2016,1
493,796,4,10/9/2016,10/12/2016,10/11/2016,1
494,875,4,10/9/2016,10/10/2016,10/11/2016,2
495,712,4,10/10/2016,10/12/2016,10/13/2016,1
496,193,4,10/10/2016,10/12/2016,10/11/2016,2
497,785,4,10/10/2016,10/11/2016,10/11/2016,2
498,1331,4,10/10/2016,10/12/2016,10/11/2016,2
499,260,4,10/11/2016,10/14/2016,10/13/2016,1
500,148,4,10/11/2016,10/12/2016,10/13/2016,2
501,977,4,10/11/2016,10/12/2016,10/13/2016,2
502,401,4,10/12/2016,10/13/2016,10/13/2016,3
503,932,4,10/13/2016,10/16/2016,10/14/2016,2
504,1381,4,10/14/2016,10/15/2016,10/15/2016,1
505,721,4,10/14/2016,10/16/2016,10/17/2016,2
506,831,4,10/14/2016,10/16/2016,10/16/2016,2
507,1378,4,10/15/2016,10/17/2016,10/17/2016,1
508,1359,4,10/15/2016,10/18/2016,10/18/2016,2
509,235,4,10/16/2016,10/17/2016,10/17/2016,2
510,586,4,10/17/2016,10/18/2016,10/18/2016,2
511,377,4,10/18/2016,10/20/2016,10/19/2016,2
512,8,4,10/19/2016,10/22/2016,10/20/2016,2
513,155,4,10/19/2016,10/21/2016,10/21/2016,2
514,927,4,10/19/2016,10/21/2016,10/20/2016,2
515,986,4,10/19/2016,10/20/2016,10/22/2016,2
516,111,4,10/21/2016,10/23/2016,10/24/2016,2
517,613,4,10/21/2016,10/22/2016,10/24/2016,2
518,1374,4,10/22/2016,10/24/2016,10/25/2016,1
519,54,4,10/22/2016,10/23/2016,10/24/2016,2
520,639,4,10/23/2016,10/26/2016,10/24/2016,2
521,664,4,10/23/2016,10/25/2016,10/25/2016,2
522,724,4,10/23/2016,10/24/2016,10/24/2016,2
523,1056,4,10/24/2016,10/26/2016,10/27/2016,2
524,569,4,10/25/2016,10/26/2016,10/27/2016,1
525,1315,4,10/26/2016,10/28/2016,10/29/2016,1
526,1096,4,10/26/2016,10/28/2016,10/28/2016,2
527,506,4,10/27/2016,10/29/2016,10/28/2016,1
528,676,4,10/28/2016,10/31/2016,10/31/2016,2
529,753,4,10/28/2016,10/30/2016,10/31/2016,2
530,773,4,10/28/2016,10/31/2016,10/31/2016,2
531,116,4,10/28/2016,10/29/2016,10/30/2016,3
532,817,4,10/29/2016,10/31/2016,10/30/2016,2
533,1334,4,10/29/2016,11/1/2016,11/1/2016,2
534,1406,4,10/29/2016,10/30/2016,10/31/2016,2
535,835,4,10/29/2016,10/31/2016,11/1/2016,3
536,759,4,10/31/2016,11/2/2016,11/1/2016,1
537,1353,4,10/31/2016,11/1/2016,11/3/2016,1
538,341,4,11/2/2016,11/5/2016,11/5/2016,2
539,1144,4,11/2/2016,11/4/2016,11/3/2016,2
540,1429,4,11/3/2016,11/5/2016,11/6/2016,1
541,1228,4,11/4/2016,11/7/2016,11/7/2016,1
542,313,4,11/4/2016,11/6/2016,11/5/2016,2
543,62,4,11/6/2016,11/9/2016,11/8/2016,2
544,321,4,11/6/2016,11/7/2016,11/8/2016,2
545,1108,4,11/8/2016,11/10/2016,11/9/2016,3
546,470,4,11/9/2016,11/12/2016,11/10/2016,2
547,20,4,11/9/2016,11/11/2016,11/10/2016,3
548,739,4,11/11/2016,11/13/2016,11/13/2016,2
549,64,3,11/12/2016,11/12/2016,NULL,3
550,892,4,11/12/2016,11/14/2016,11/15/2016,2
551,1169,4,11/12/2016,11/13/2016,11/13/2016,2
552,1282,4,11/12/2016,11/15/2016,11/13/2016,2
553,913,4,11/12/2016,11/13/2016,11/15/2016,3
554,104,4,11/13/2016,11/14/2016,11/16/2016,1
555,212,4,11/13/2016,11/14/2016,11/16/2016,2
556,61,4,11/13/2016,11/14/2016,11/15/2016,3
557,1248,4,11/14/2016,11/17/2016,11/15/2016,2
558,1443,4,11/15/2016,11/16/2016,11/17/2016,2
559,959,4,11/16/2016,11/17/2016,11/17/2016,1
560,1405,4,11/18/2016,11/19/2016,11/21/2016,2
561,90,4,11/19/2016,11/22/2016,11/22/2016,2
562,942,4,11/19/2016,11/20/2016,11/22/2016,2
563,365,4,11/20/2016,11/22/2016,11/21/2016,2
564,1058,4,11/20/2016,11/23/2016,11/22/2016,2
565,894,4,11/21/2016,11/22/2016,11/22/2016,2
566,298,4,11/22/2016,11/25/2016,11/23/2016,1
567,1430,4,11/22/2016,11/23/2016,11/23/2016,1
568,1275,4,11/23/2016,11/25/2016,11/24/2016,1
569,707,4,11/23/2016,11/24/2016,11/25/2016,2
570,989,4,11/23/2016,11/24/2016,11/25/2016,2
571,5,4,11/24/2016,11/25/2016,11/27/2016,1
572,178,4,11/24/2016,11/26/2016,11/26/2016,2
573,423,4,11/24/2016,11/26/2016,11/27/2016,2
574,833,4,11/26/2016,11/27/2016,11/29/2016,2
575,33,4,11/27/2016,11/28/2016,11/30/2016,1
576,1272,4,11/27/2016,11/30/2016,11/28/2016,1
577,445,4,11/27/2016,11/30/2016,11/29/2016,2
578,819,4,11/27/2016,11/28/2016,11/29/2016,2
579,160,4,11/27/2016,11/30/2016,11/29/2016,3
580,581,4,11/30/2016,12/2/2016,12/2/2016,1
581,688,4,12/3/2016,12/5/2016,12/6/2016,1
582,32,3,12/4/2016,12/4/2016,NULL,1
583,792,4,12/4/2016,12/5/2016,12/7/2016,2
584,1209,4,12/4/2016,12/5/2016,12/5/2016,2
585,1219,4,12/4/2016,12/5/2016,12/5/2016,2
586,1306,4,12/4/2016,12/6/2016,12/5/2016,2
587,487,4,12/6/2016,12/8/2016,12/8/2016,1
588,102,4,12/6/2016,12/7/2016,12/7/2016,2
589,719,4,12/6/2016,12/7/2016,12/7/2016,2
590,990,4,12/6/2016,12/9/2016,12/7/2016,2
591,1211,4,12/6/2016,12/9/2016,12/9/2016,2
592,1232,4,12/6/2016,12/8/2016,12/8/2016,2
593,50,4,12/7/2016,12/10/2016,12/8/2016,3
594,1318,4,12/7/2016,12/8/2016,12/8/2016,3
595,538,4,12/8/2016,12/9/2016,12/11/2016,1
596,952,4,12/8/2016,12/9/2016,12/9/2016,1
597,1121,4,12/8/2016,12/9/2016,12/10/2016,2
598,40,3,12/9/2016,12/9/2016,NULL,1
599,1,4,12/9/2016,12/10/2016,12/12/2016,2
600,624,4,12/9/2016,12/12/2016,12/11/2016,2
601,683,4,12/9/2016,12/10/2016,12/10/2016,2
602,823,4,12/9/2016,12/10/2016,12/11/2016,2
603,1032,4,12/9/2016,12/10/2016,12/10/2016,2
604,96,4,12/10/2016,12/13/2016,12/12/2016,2
605,1208,4,12/10/2016,12/11/2016,12/12/2016,2
606,18,4,12/11/2016,12/12/2016,12/13/2016,2
607,309,4,12/11/2016,12/14/2016,12/13/2016,2
608,1103,4,12/12/2016,12/15/2016,12/14/2016,1
609,896,4,12/12/2016,12/13/2016,12/14/2016,2
610,711,4,12/13/2016,12/15/2016,12/14/2016,2
611,1073,4,12/15/2016,12/17/2016,12/18/2016,2
612,634,4,12/16/2016,12/17/2016,12/17/2016,2
613,1159,4,12/17/2016,12/19/2016,12/19/2016,2
614,654,4,12/18/2016,12/21/2016,12/21/2016,1
615,560,4,12/19/2016,12/22/2016,12/21/2016,3
616,1444,4,12/20/2016,12/23/2016,12/23/2016,2
617,118,4,12/21/2016,12/23/2016,12/23/2016,2
618,131,4,12/21/2016,12/22/2016,12/22/2016,2
619,454,4,12/22/2016,12/25/2016,12/25/2016,2
620,466,4,12/22/2016,12/24/2016,12/24/2016,2
621,1157,4,12/23/2016,12/25/2016,12/24/2016,2
622,1398,4,12/23/2016,12/26/2016,12/25/2016,2
623,678,4,12/24/2016,12/26/2016,12/27/2016,2
624,814,4,12/24/2016,12/25/2016,12/27/2016,2
625,1163,4,12/25/2016,12/28/2016,12/26/2016,1
626,130,4,12/25/2016,12/28/2016,12/27/2016,2
627,1119,4,12/25/2016,12/26/2016,12/28/2016,2
628,561,4,12/26/2016,12/29/2016,12/27/2016,1
629,973,4,12/26/2016,12/27/2016,12/29/2016,1
630,1404,4,12/26/2016,12/27/2016,12/28/2016,2
631,855,4,12/27/2016,12/29/2016,12/29/2016,1
632,163,4,12/27/2016,12/29/2016,12/29/2016,2
633,1040,4,12/28/2016,12/31/2016,12/30/2016,3
634,27,4,12/29/2016,1/1/2017,12/30/2016,2
635,520,4,12/30/2016,1/2/2017,12/31/2016,2
636,532,4,1/3/2017,1/4/2017,1/5/2017,1
637,512,4,1/3/2017,1/5/2017,1/5/2017,2
638,1302,4,1/4/2017,1/5/2017,1/6/2017,2
639,550,4,1/6/2017,1/7/2017,1/7/2017,2
640,1093,4,1/6/2017,1/8/2017,1/7/2017,2
641,673,4,1/7/2017,1/10/2017,1/8/2017,1
642,847,4,1/7/2017,1/9/2017,1/10/2017,2
643,901,4,1/8/2017,1/9/2017,1/11/2017,1
644,439,4,1/8/2017,1/11/2017,1/10/2017,2
645,1199,4,1/8/2017,1/11/2017,1/10/2017,2
646,975,4,1/9/2017,1/12/2017,1/11/2017,1
647,283,4,1/9/2017,1/10/2017,1/11/2017,2
648,684,4,1/9/2017,1/11/2017,1/11/2017,2
649,1153,4,1/10/2017,1/11/2017,1/13/2017,1
650,729,4,1/11/2017,1/14/2017,1/12/2017,1
651,190,4,1/11/2017,1/13/2017,1/13/2017,2
652,985,4,1/12/2017,1/15/2017,1/13/2017,3
653,1249,4,1/14/2017,1/17/2017,1/15/2017,1
654,1129,4,1/14/2017,1/15/2017,1/17/2017,2
655,347,4,1/16/2017,1/17/2017,1/18/2017,1
656,949,4,1/16/2017,1/17/2017,1/18/2017,2
657,349,4,1/17/2017,1/19/2017,1/20/2017,1
658,1051,4,1/17/2017,1/18/2017,1/18/2017,2
659,1391,4,1/17/2017,1/19/2017,1/18/2017,2
660,383,4,1/18/2017,1/19/2017,1/19/2017,2
661,626,4,1/18/2017,1/19/2017,1/20/2017,2
662,1125,4,1/19/2017,1/20/2017,1/20/2017,1
663,344,4,1/20/2017,1/22/2017,1/23/2017,1
664,681,4,1/20/2017,1/23/2017,1/22/2017,2
665,29,4,1/21/2017,1/22/2017,1/23/2017,2
666,770,4,1/21/2017,1/22/2017,1/24/2017,2
667,858,4,1/22/2017,1/24/2017,1/25/2017,2
668,297,4,1/22/2017,1/23/2017,1/24/2017,3
669,745,4,1/23/2017,1/24/2017,1/26/2017,2
670,361,4,1/24/2017,1/25/2017,1/25/2017,2
671,922,4,1/25/2017,1/28/2017,1/26/2017,2
672,908,4,1/26/2017,1/29/2017,1/29/2017,2
673,64,4,1/26/2017,1/28/2017,1/27/2017,3
674,733,4,1/27/2017,1/28/2017,1/29/2017,2
675,291,4,1/28/2017,1/31/2017,1/30/2017,2
676,790,4,1/28/2017,1/30/2017,1/31/2017,2
677,809,4,1/28/2017,1/31/2017,1/30/2017,2
678,250,4,1/28/2017,1/29/2017,1/31/2017,3
679,81,4,1/29/2017,1/30/2017,1/30/2017,1
680,245,4,1/29/2017,2/1/2017,1/30/2017,1
681,499,4,1/29/2017,2/1/2017,1/31/2017,2
682,614,4,1/29/2017,1/30/2017,1/30/2017,2
683,741,4,1/29/2017,1/31/2017,2/1/2017,2
684,762,4,1/31/2017,2/1/2017,2/2/2017,2
685,976,4,1/31/2017,2/3/2017,2/2/2017,2
686,380,4,2/1/2017,2/3/2017,2/4/2017,2
687,530,4,2/2/2017,2/5/2017,2/4/2017,1
688,343,4,2/2/2017,2/3/2017,2/5/2017,2
689,884,4,2/2/2017,2/3/2017,2/5/2017,2
690,1097,4,2/3/2017,2/4/2017,2/6/2017,1
691,1081,4,2/4/2017,2/6/2017,2/6/2017,2
692,2,3,2/5/2017,2/5/2017,NULL,1
693,1233,4,2/5/2017,2/7/2017,2/6/2017,1
694,58,4,2/5/2017,2/6/2017,2/8/2017,2
695,606,4,2/5/2017,2/8/2017,2/7/2017,2
696,1242,4,2/5/2017,2/8/2017,2/8/2017,2
697,562,4,2/6/2017,2/8/2017,2/9/2017,1
698,543,4,2/6/2017,2/8/2017,2/9/2017,3
699,958,4,2/6/2017,2/8/2017,2/9/2017,3
700,4,4,2/7/2017,2/10/2017,2/8/2017,2
701,850,4,2/7/2017,2/8/2017,2/9/2017,3
702,1352,4,2/8/2017,2/9/2017,2/11/2017,1
703,417,4,2/8/2017,2/9/2017,2/9/2017,2
704,1137,4,2/8/2017,2/9/2017,2/11/2017,2
705,1196,4,2/8/2017,2/11/2017,2/11/2017,2
706,1271,4,2/9/2017,2/12/2017,2/10/2017,1
707,79,4,2/9/2017,2/11/2017,2/11/2017,2
708,660,4,2/10/2017,2/12/2017,2/11/2017,1
709,1162,4,2/11/2017,2/13/2017,2/12/2017,2
710,295,4,2/13/2017,2/15/2017,2/16/2017,2
711,1246,4,2/13/2017,2/16/2017,2/14/2017,2
712,173,4,2/13/2017,2/14/2017,2/16/2017,3
713,207,4,2/13/2017,2/14/2017,2/15/2017,3
714,805,4,2/14/2017,2/17/2017,2/15/2017,2
715,12,3,2/15/2017,2/15/2017,NULL,2
716,672,4,2/15/2017,2/17/2017,2/18/2017,2
717,1312,4,2/15/2017,2/18/2017,2/17/2017,2
718,38,4,2/16/2017,2/17/2017,2/17/2017,2
719,200,4,2/16/2017,2/19/2017,2/18/2017,2
720,382,4,2/16/2017,2/19/2017,2/19/2017,2
721,625,4,2/16/2017,2/19/2017,2/17/2017,2
722,1399,4,2/18/2017,2/20/2017,2/21/2017,2
723,845,4,2/19/2017,2/21/2017,2/22/2017,2
724,864,4,2/19/2017,2/22/2017,2/21/2017,2
725,870,4,2/19/2017,2/22/2017,2/22/2017,2
726,969,4,2/19/2017,2/22/2017,2/20/2017,2
727,962,4,2/19/2017,2/22/2017,2/21/2017,3
728,1138,4,2/20/2017,2/21/2017,2/23/2017,1
729,897,4,2/20/2017,2/22/2017,2/21/2017,2
730,500,4,2/21/2017,2/24/2017,2/22/2017,2
731,910,4,2/25/2017,2/27/2017,2/27/2017,3
732,147,4,2/26/2017,2/27/2017,3/1/2017,2
733,832,4,2/26/2017,3/1/2017,2/27/2017,2
734,939,4,2/26/2017,2/28/2017,3/1/2017,3
735,20,3,2/27/2017,2/27/2017,NULL,3
736,184,4,2/27/2017,2/28/2017,2/28/2017,2
737,694,4,2/27/2017,3/1/2017,2/28/2017,2
738,124,4,2/28/2017,3/1/2017,3/3/2017,1
739,49,4,2/28/2017,3/1/2017,3/2/2017,2
740,1113,4,2/28/2017,3/1/2017,3/2/2017,2
741,119,4,2/28/2017,3/1/2017,3/1/2017,3
742,433,4,2/28/2017,3/1/2017,3/1/2017,3
743,137,4,3/1/2017,3/4/2017,3/4/2017,2
744,166,4,3/1/2017,3/2/2017,3/2/2017,2
745,698,4,3/1/2017,3/3/2017,3/3/2017,2
746,391,4,3/2/2017,3/4/2017,3/5/2017,1
747,87,4,3/3/2017,3/4/2017,3/5/2017,1
748,1072,4,3/3/2017,3/5/2017,3/4/2017,3
749,255,4,3/4/2017,3/7/2017,3/5/2017,2
750,232,4,3/4/2017,3/7/2017,3/5/2017,3
751,731,4,3/5/2017,3/8/2017,3/7/2017,1
752,335,4,3/5/2017,3/6/2017,3/7/2017,2
753,1201,4,3/5/2017,3/8/2017,3/8/2017,2
754,646,4,3/6/2017,3/7/2017,3/8/2017,1
755,531,4,3/6/2017,3/7/2017,3/7/2017,2
756,1143,4,3/6/2017,3/7/2017,3/9/2017,2
757,1336,4,3/6/2017,3/8/2017,3/9/2017,2
758,953,4,3/6/2017,3/8/2017,3/7/2017,3
759,284,4,3/7/2017,3/9/2017,3/8/2017,2
760,1104,4,3/7/2017,3/10/2017,3/10/2017,2
761,1291,4,3/7/2017,3/8/2017,3/10/2017,2
762,572,4,3/8/2017,3/9/2017,3/9/2017,2
763,842,4,3/8/2017,3/10/2017,3/9/2017,3
764,701,4,3/9/2017,3/10/2017,3/12/2017,1
765,1152,4,3/9/2017,3/11/2017,3/12/2017,1
766,141,4,3/9/2017,3/11/2017,3/12/2017,2
767,564,4,3/9/2017,3/10/2017,3/11/2017,2
768,841,4,3/9/2017,3/12/2017,3/10/2017,2
769,946,4,3/9/2017,3/11/2017,3/11/2017,2
770,135,4,3/9/2017,3/11/2017,3/11/2017,3
771,671,4,3/11/2017,3/14/2017,3/12/2017,1
772,448,4,3/11/2017,3/12/2017,3/13/2017,2
773,1385,4,3/11/2017,3/12/2017,3/12/2017,2
774,690,4,3/12/2017,3/14/2017,3/14/2017,2
775,968,4,3/12/2017,3/13/2017,3/13/2017,2
776,490,4,3/13/2017,3/15/2017,3/16/2017,2
777,496,4,3/13/2017,3/16/2017,3/16/2017,2
778,56,3,3/15/2017,3/15/2017,NULL,3
779,367,4,3/15/2017,3/16/2017,3/18/2017,2
780,592,4,3/15/2017,3/17/2017,3/17/2017,2
781,1018,4,3/15/2017,3/16/2017,3/17/2017,2
782,1298,4,3/15/2017,3/16/2017,3/18/2017,2
783,1343,4,3/16/2017,3/19/2017,3/17/2017,1
784,430,4,3/16/2017,3/19/2017,3/19/2017,2
785,794,4,3/18/2017,3/19/2017,3/20/2017,1
786,249,4,3/18/2017,3/20/2017,3/19/2017,2
787,700,4,3/18/2017,3/20/2017,3/19/2017,3
788,1363,4,3/18/2017,3/20/2017,3/20/2017,3
789,772,4,3/19/2017,3/20/2017,3/20/2017,2
790,1015,4,3/19/2017,3/21/2017,3/22/2017,2
791,432,4,3/20/2017,3/22/2017,3/23/2017,2
792,479,4,3/22/2017,3/23/2017,3/24/2017,2
793,653,4,3/23/2017,3/24/2017,3/24/2017,2
794,863,4,3/23/2017,3/25/2017,3/24/2017,2
795,992,4,3/23/2017,3/25/2017,3/26/2017,2
796,154,4,3/23/2017,3/26/2017,3/25/2017,3
797,374,4,3/24/2017,3/26/2017,3/26/2017,2
798,619,4,3/26/2017,3/28/2017,3/29/2017,1
799,607,4,3/27/2017,3/28/2017,3/29/2017,1
800,1057,4,3/27/2017,3/29/2017,3/28/2017,2
801,78,4,3/28/2017,3/29/2017,3/30/2017,1
802,340,4,3/28/2017,3/29/2017,3/30/2017,2
803,1105,4,3/28/2017,3/31/2017,3/30/2017,3
804,95,4,3/29/2017,3/31/2017,3/30/2017,2
805,420,4,3/29/2017,3/30/2017,4/1/2017,2
806,234,4,3/30/2017,3/31/2017,3/31/2017,2
807,1148,4,3/30/2017,4/1/2017,4/2/2017,2
808,315,4,3/31/2017,4/2/2017,4/2/2017,2
809,1222,4,3/31/2017,4/3/2017,4/3/2017,2
810,153,3,4/1/2017,4/1/2017,NULL,3
811,524,4,4/1/2017,4/4/2017,4/4/2017,2
812,1164,4,4/1/2017,4/2/2017,4/3/2017,2
813,1203,4,4/1/2017,4/3/2017,4/2/2017,3
814,629,4,4/2/2017,4/5/2017,4/3/2017,2
815,1251,4,4/3/2017,4/5/2017,4/4/2017,1
816,811,4,4/3/2017,4/5/2017,4/5/2017,2
817,301,4,4/4/2017,4/5/2017,4/7/2017,2
818,1319,4,4/4/2017,4/7/2017,4/7/2017,2
819,221,4,4/4/2017,4/7/2017,4/5/2017,3
820,725,4,4/5/2017,4/8/2017,4/7/2017,2
821,1181,4,4/5/2017,4/7/2017,4/8/2017,2
822,294,4,4/6/2017,4/8/2017,4/9/2017,2
823,415,4,4/6/2017,4/7/2017,4/8/2017,3
824,993,4,4/7/2017,4/9/2017,4/10/2017,1
825,10,4,4/7/2017,4/8/2017,4/9/2017,2
826,45,4,4/7/2017,4/10/2017,4/10/2017,2
827,666,4,4/7/2017,4/10/2017,4/10/2017,2
828,246,4,4/9/2017,4/10/2017,4/12/2017,2
829,674,4,4/9/2017,4/10/2017,4/10/2017,2
830,431,4,4/11/2017,4/14/2017,4/12/2017,2
831,1000,4,4/11/2017,4/12/2017,4/12/2017,2
832,1215,4,4/11/2017,4/12/2017,4/12/2017,2
833,406,4,4/12/2017,4/14/2017,4/15/2017,2
834,890,4,4/12/2017,4/13/2017,4/15/2017,2
835,940,4,4/13/2017,4/15/2017,4/14/2017,1
836,455,4,4/13/2017,4/16/2017,4/14/2017,2
837,948,4,4/13/2017,4/16/2017,4/14/2017,2
838,1395,4,4/14/2017,4/17/2017,4/15/2017,2
839,1332,4,4/15/2017,4/18/2017,4/16/2017,1
840,372,4,4/15/2017,4/16/2017,4/16/2017,2
841,428,4,4/15/2017,4/18/2017,4/17/2017,2
842,1133,4,4/15/2017,4/18/2017,4/16/2017,2
843,1059,4,4/16/2017,4/17/2017,4/19/2017,2
844,1436,4,4/16/2017,4/17/2017,4/18/2017,2
845,662,4,4/17/2017,4/18/2017,4/18/2017,2
846,715,4,4/17/2017,4/19/2017,4/19/2017,2
847,329,4,4/18/2017,4/19/2017,4/19/2017,2
848,597,4,4/18/2017,4/20/2017,4/20/2017,2
849,776,4,4/19/2017,4/20/2017,4/21/2017,1
850,1346,4,4/19/2017,4/22/2017,4/22/2017,1
851,1139,4,4/20/2017,4/21/2017,4/22/2017,2
852,13,4,4/21/2017,4/23/2017,4/22/2017,3
853,883,4,4/21/2017,4/24/2017,4/24/2017,3
854,177,4,4/22/2017,4/25/2017,4/23/2017,2
855,775,4,4/22/2017,4/23/2017,4/25/2017,2
856,477,4,4/23/2017,4/25/2017,4/26/2017,2
857,1402,4,4/24/2017,4/25/2017,4/26/2017,2
858,162,4,4/25/2017,4/27/2017,4/28/2017,2
859,644,4,4/25/2017,4/26/2017,4/26/2017,2
860,473,4,4/27/2017,4/29/2017,4/28/2017,2
861,1177,4,4/27/2017,4/29/2017,4/30/2017,2
862,1230,4,4/27/2017,4/30/2017,4/29/2017,3
863,446,4,4/28/2017,4/30/2017,5/1/2017,2
864,902,4,4/28/2017,4/30/2017,4/29/2017,2
865,974,4,4/29/2017,5/2/2017,5/1/2017,2
866,1410,4,4/29/2017,4/30/2017,5/1/2017,2
867,97,4,5/1/2017,5/3/2017,5/2/2017,1
868,868,4,5/1/2017,5/4/2017,5/2/2017,1
869,844,4,5/1/2017,5/4/2017,5/2/2017,2
870,1416,4,5/1/2017,5/4/2017,5/2/2017,2
871,358,4,5/2/2017,5/4/2017,5/3/2017,2
872,394,4,5/3/2017,5/6/2017,5/6/2017,1
873,829,4,5/3/2017,5/5/2017,5/5/2017,2
874,661,4,5/4/2017,5/5/2017,5/6/2017,2
875,386,4,5/5/2017,5/6/2017,5/8/2017,1
876,1046,4,5/5/2017,5/8/2017,5/6/2017,2
877,784,4,5/6/2017,5/7/2017,5/8/2017,2
878,224,4,5/7/2017,5/10/2017,5/9/2017,1
879,214,4,5/8/2017,5/9/2017,5/9/2017,2
880,1206,4,5/8/2017,5/11/2017,5/10/2017,2
881,1024,4,5/8/2017,5/11/2017,5/11/2017,3
882,196,4,5/9/2017,5/12/2017,5/10/2017,2
883,507,4,5/11/2017,5/13/2017,5/14/2017,2
884,871,4,5/11/2017,5/13/2017,5/12/2017,2
885,66,3,5/13/2017,5/13/2017,NULL,3
886,1396,4,5/13/2017,5/14/2017,5/15/2017,1
887,1195,4,5/13/2017,5/15/2017,5/15/2017,2
888,1038,4,5/14/2017,5/16/2017,5/16/2017,2
889,830,4,5/14/2017,5/17/2017,5/15/2017,3
890,171,4,5/15/2017,5/18/2017,5/18/2017,2
891,384,4,5/15/2017,5/18/2017,5/16/2017,2
892,651,4,5/15/2017,5/18/2017,5/17/2017,2
893,1293,4,5/16/2017,5/19/2017,5/19/2017,2
894,1320,4,5/16/2017,5/19/2017,5/19/2017,2
895,857,4,5/18/2017,5/21/2017,5/19/2017,2
896,376,4,5/19/2017,5/22/2017,5/21/2017,3
897,47,4,5/20/2017,5/21/2017,5/21/2017,1
898,352,4,5/20/2017,5/21/2017,5/22/2017,2
899,605,4,5/20/2017,5/21/2017,5/21/2017,2
900,971,4,5/20/2017,5/21/2017,5/22/2017,2
901,345,4,5/21/2017,5/22/2017,5/24/2017,2
902,1278,4,5/21/2017,5/24/2017,5/22/2017,2
903,179,4,5/22/2017,5/23/2017,5/24/2017,2
904,1020,4,5/23/2017,5/26/2017,5/24/2017,1
905,609,4,5/23/2017,5/26/2017,5/24/2017,2
906,877,4,5/23/2017,5/26/2017,5/26/2017,2
907,120,4,5/24/2017,5/26/2017,5/27/2017,1
908,402,4,5/25/2017,5/28/2017,5/27/2017,2
909,188,4,5/26/2017,5/27/2017,5/28/2017,1
910,342,4,5/26/2017,5/28/2017,5/28/2017,2
911,887,4,5/26/2017,5/29/2017,5/29/2017,2
912,519,4,5/27/2017,5/29/2017,5/29/2017,1
913,699,4,5/27/2017,5/29/2017,5/29/2017,2
914,1068,4,5/28/2017,5/31/2017,5/31/2017,1
915,215,4,5/28/2017,5/30/2017,5/30/2017,2
916,718,4,5/28/2017,5/29/2017,5/29/2017,2
917,881,4,5/29/2017,5/31/2017,6/1/2017,1
918,242,4,5/30/2017,5/31/2017,5/31/2017,1
919,781,4,5/30/2017,5/31/2017,5/31/2017,2
920,966,4,5/30/2017,6/1/2017,6/2/2017,2
921,628,4,5/31/2017,6/2/2017,6/2/2017,2
922,656,4,5/31/2017,6/1/2017,6/3/2017,2
923,769,4,5/31/2017,6/3/2017,6/2/2017,2
924,68,3,6/2/2017,6/2/2017,NULL,3
925,1316,4,6/2/2017,6/5/2017,6/3/2017,2
926,233,4,6/3/2017,6/5/2017,6/6/2017,1
927,1438,4,6/3/2017,6/5/2017,6/6/2017,1
928,957,4,6/5/2017,6/6/2017,6/6/2017,1
929,472,4,6/5/2017,6/6/2017,6/8/2017,2
930,1224,4,6/5/2017,6/6/2017,6/6/2017,3
931,631,4,6/7/2017,6/8/2017,6/8/2017,2
932,804,4,6/7/2017,6/8/2017,6/9/2017,2
933,909,4,6/7/2017,6/10/2017,6/8/2017,2
934,93,4,6/9/2017,6/10/2017,6/12/2017,2
935,43,3,6/10/2017,6/10/2017,NULL,3
936,265,4,6/10/2017,6/13/2017,6/12/2017,2
937,73,4,6/11/2017,6/14/2017,6/13/2017,2
938,129,4,6/11/2017,6/12/2017,6/12/2017,2
939,1407,4,6/11/2017,6/12/2017,6/14/2017,2
940,585,4,6/12/2017,6/14/2017,6/13/2017,1
941,736,4,6/12/2017,6/14/2017,6/14/2017,1
942,537,4,6/13/2017,6/16/2017,6/15/2017,2
943,1025,4,6/13/2017,6/15/2017,6/15/2017,2
944,138,4,6/14/2017,6/15/2017,6/17/2017,1
945,167,4,6/14/2017,6/15/2017,6/16/2017,2
946,525,4,6/14/2017,6/16/2017,6/15/2017,2
947,278,4,6/15/2017,6/18/2017,6/17/2017,1
948,618,4,6/15/2017,6/17/2017,6/17/2017,2
949,867,4,6/16/2017,6/18/2017,6/17/2017,1
950,142,4,6/16/2017,6/19/2017,6/18/2017,2
951,339,4,6/16/2017,6/19/2017,6/19/2017,2
952,355,4,6/16/2017,6/18/2017,6/18/2017,2
953,658,4,6/16/2017,6/18/2017,6/17/2017,2
954,611,4,6/17/2017,6/20/2017,6/20/2017,2
955,880,4,6/17/2017,6/19/2017,6/18/2017,2
956,1184,4,6/17/2017,6/19/2017,6/20/2017,2
957,722,4,6/17/2017,6/20/2017,6/20/2017,3
958,1276,4,6/18/2017,6/20/2017,6/19/2017,1
959,650,4,6/18/2017,6/21/2017,6/21/2017,2
960,1390,4,6/18/2017,6/19/2017,6/19/2017,2
961,82,4,6/19/2017,6/21/2017,6/22/2017,1
962,570,4,6/19/2017,6/22/2017,6/20/2017,2
963,1432,4,6/19/2017,6/21/2017,6/21/2017,2
964,404,4,6/20/2017,6/22/2017,6/22/2017,2
965,457,4,6/20/2017,6/22/2017,6/23/2017,2
966,389,4,6/20/2017,6/22/2017,6/22/2017,3
967,1323,4,6/21/2017,6/24/2017,6/24/2017,2
968,1403,4,6/21/2017,6/23/2017,6/23/2017,2
969,248,4,6/21/2017,6/24/2017,6/22/2017,3
970,836,4,6/22/2017,6/25/2017,6/23/2017,2
971,1426,4,6/22/2017,6/23/2017,6/24/2017,3
972,270,4,6/23/2017,6/24/2017,6/25/2017,2
973,238,4,6/24/2017,6/27/2017,6/27/2017,2
974,511,4,6/24/2017,6/27/2017,6/27/2017,3
975,1092,4,6/25/2017,6/27/2017,6/28/2017,2
976,1266,4,6/25/2017,6/28/2017,6/27/2017,3
977,400,4,6/26/2017,6/28/2017,6/27/2017,2
978,1123,4,6/26/2017,6/28/2017,6/27/2017,2
979,1190,4,6/26/2017,6/29/2017,6/27/2017,2
980,328,4,6/26/2017,6/28/2017,6/27/2017,3
981,687,4,6/26/2017,6/29/2017,6/28/2017,3
982,1423,4,6/26/2017,6/29/2017,6/28/2017,3
983,1158,4,6/27/2017,6/28/2017,6/29/2017,2
984,1287,4,6/27/2017,6/28/2017,6/29/2017,2
985,461,4,6/30/2017,7/2/2017,7/1/2017,2
986,556,4,6/30/2017,7/3/2017,7/1/2017,2
987,172,4,7/2/2017,7/4/2017,7/4/2017,1
988,436,4,7/2/2017,7/4/2017,7/5/2017,2
989,1145,4,7/2/2017,7/4/2017,7/3/2017,2
990,706,4,7/4/2017,7/7/2017,7/7/2017,2
991,751,4,7/6/2017,7/7/2017,7/9/2017,1
992,723,4,7/7/2017,7/10/2017,7/9/2017,2
993,1415,4,7/9/2017,7/11/2017,7/11/2017,1
994,419,4,7/9/2017,7/11/2017,7/11/2017,2
995,621,4,7/11/2017,7/13/2017,7/14/2017,1
996,915,4,7/11/2017,7/12/2017,7/12/2017,1
997,485,4,7/11/2017,7/13/2017,7/14/2017,2
998,219,4,7/12/2017,7/13/2017,7/14/2017,2
999,590,4,7/12/2017,7/13/2017,7/14/2017,2
1000,645,4,7/12/2017,7/14/2017,7/15/2017,2
1001,354,4,7/13/2017,7/16/2017,7/15/2017,2
1002,1418,4,7/14/2017,7/16/2017,7/16/2017,1
1003,503,4,7/14/2017,7/16/2017,7/16/2017,2
1004,1389,4,7/14/2017,7/17/2017,7/16/2017,2
1005,266,4,7/15/2017,7/17/2017,7/16/2017,2
1006,1070,4,7/15/2017,7/18/2017,7/17/2017,2
1007,1115,4,7/16/2017,7/17/2017,7/17/2017,2
1008,1345,4,7/16/2017,7/18/2017,7/18/2017,2
1009,1064,4,7/16/2017,7/19/2017,7/19/2017,3
1010,8,3,7/18/2017,7/18/2017,NULL,2
1011,495,4,7/18/2017,7/21/2017,7/21/2017,1
1012,620,4,7/18/2017,7/20/2017,7/20/2017,2
1013,174,4,7/19/2017,7/22/2017,7/21/2017,2
1014,748,4,7/19/2017,7/21/2017,7/21/2017,2
1015,799,4,7/19/2017,7/22/2017,7/21/2017,2
1016,1417,4,7/19/2017,7/20/2017,7/21/2017,3
1017,168,4,7/20/2017,7/21/2017,7/23/2017,2
1018,290,4,7/22/2017,7/23/2017,7/23/2017,2
1019,408,4,7/22/2017,7/23/2017,7/24/2017,2
1020,16,3,7/23/2017,7/23/2017,NULL,2
1021,125,4,7/23/2017,7/24/2017,7/26/2017,2
1022,353,4,7/23/2017,7/26/2017,7/24/2017,2
1023,356,4,7/23/2017,7/26/2017,7/25/2017,2
1024,837,4,7/23/2017,7/25/2017,7/26/2017,2
1025,1304,4,7/23/2017,7/26/2017,7/26/2017,2
1026,1370,4,7/26/2017,7/28/2017,7/29/2017,1
1027,588,4,7/26/2017,7/28/2017,7/28/2017,2
1028,1273,4,7/27/2017,7/28/2017,7/30/2017,2
1029,407,4,7/29/2017,7/30/2017,8/1/2017,1
1030,161,4,7/29/2017,7/30/2017,7/31/2017,2
1031,1308,4,7/30/2017,8/1/2017,8/2/2017,1
1032,429,4,7/30/2017,8/2/2017,8/1/2017,2
1033,582,4,7/30/2017,7/31/2017,8/2/2017,2
1034,895,4,7/30/2017,7/31/2017,7/31/2017,2
1035,1283,4,7/30/2017,8/2/2017,8/2/2017,2
1036,1442,4,7/30/2017,8/1/2017,7/31/2017,2
1037,1229,4,7/31/2017,8/2/2017,8/3/2017,2
1038,1281,4,7/31/2017,8/1/2017,8/3/2017,2
1039,1077,4,8/2/2017,8/4/2017,8/3/2017,2
1040,1225,4,8/4/2017,8/7/2017,8/5/2017,1
1041,70,4,8/4/2017,8/6/2017,8/5/2017,2
1042,539,4,8/6/2017,8/7/2017,8/7/2017,2
1043,1235,4,8/6/2017,8/9/2017,8/8/2017,2
1044,1270,4,8/7/2017,8/10/2017,8/8/2017,2
1045,185,4,8/7/2017,8/9/2017,8/10/2017,3
1046,1134,4,8/7/2017,8/9/2017,8/8/2017,3
1047,116,3,8/8/2017,8/8/2017,NULL,3
1048,777,4,8/8/2017,8/10/2017,8/9/2017,2
1049,194,4,8/9/2017,8/11/2017,8/10/2017,1
1050,239,4,8/9/2017,8/12/2017,8/12/2017,1
1051,209,4,8/10/2017,8/11/2017,8/11/2017,2
1052,460,4,8/10/2017,8/12/2017,8/13/2017,2
1053,1439,4,8/10/2017,8/11/2017,8/12/2017,2
1054,189,4,8/11/2017,8/12/2017,8/12/2017,2
1055,140,4,8/12/2017,8/15/2017,8/15/2017,2
1056,325,4,8/12/2017,8/15/2017,8/13/2017,2
1057,456,4,8/12/2017,8/15/2017,8/13/2017,2
1058,782,4,8/13/2017,8/16/2017,8/14/2017,2
1059,6,4,8/14/2017,8/17/2017,8/17/2017,2
1060,182,4,8/15/2017,8/18/2017,8/17/2017,2
1061,655,4,8/15/2017,8/18/2017,8/18/2017,2
1062,1210,4,8/15/2017,8/17/2017,8/18/2017,2
1063,198,4,8/16/2017,8/19/2017,8/19/2017,3
1064,898,4,8/16/2017,8/18/2017,8/19/2017,3
1065,25,4,8/17/2017,8/19/2017,8/19/2017,2
1066,106,4,8/17/2017,8/20/2017,8/19/2017,2
1067,225,4,8/17/2017,8/19/2017,8/19/2017,2
1068,453,4,8/17/2017,8/20/2017,8/19/2017,2
1069,493,4,8/17/2017,8/19/2017,8/18/2017,2
1070,596,4,8/17/2017,8/20/2017,8/18/2017,2
1071,602,4,8/17/2017,8/20/2017,8/18/2017,3
1072,47,3,8/18/2017,8/18/2017,NULL,1
1073,911,4,8/18/2017,8/19/2017,8/21/2017,2
1074,11,3,8/19/2017,8/19/2017,NULL,2
1075,1003,4,8/19/2017,8/21/2017,8/22/2017,1
1076,42,4,8/19/2017,8/22/2017,8/22/2017,2
1077,412,4,8/19/2017,8/20/2017,8/21/2017,2
1078,793,4,8/19/2017,8/21/2017,8/20/2017,2
1079,812,4,8/19/2017,8/20/2017,8/20/2017,2
1080,1086,4,8/19/2017,8/20/2017,8/20/2017,2
1081,1106,4,8/19/2017,8/22/2017,8/22/2017,2
1082,1327,4,8/20/2017,8/22/2017,8/21/2017,2
1083,1372,4,8/20/2017,8/23/2017,8/23/2017,2
1084,2,4,8/21/2017,8/24/2017,8/23/2017,1
1085,305,4,8/21/2017,8/23/2017,8/23/2017,1
1086,220,4,8/21/2017,8/23/2017,8/24/2017,2
1087,675,4,8/22/2017,8/23/2017,8/25/2017,3
1088,1160,4,8/22/2017,8/23/2017,8/23/2017,3
1089,46,3,8/23/2017,8/23/2017,NULL,1
1090,1427,4,8/24/2017,8/26/2017,8/26/2017,1
1091,1260,4,8/24/2017,8/25/2017,8/25/2017,2
1092,40,4,8/25/2017,8/28/2017,8/27/2017,1
1093,326,4,8/25/2017,8/28/2017,8/26/2017,1
1094,828,4,8/25/2017,8/27/2017,8/28/2017,2
1095,1382,4,8/26/2017,8/28/2017,8/27/2017,3
1096,589,4,8/27/2017,8/29/2017,8/29/2017,1
1097,1311,4,8/27/2017,8/30/2017,8/28/2017,2
1098,752,4,8/28/2017,8/30/2017,8/30/2017,1
1099,1128,4,8/28/2017,8/29/2017,8/30/2017,2
1100,1392,4,8/28/2017,8/29/2017,8/29/2017,2
1101,379,4,8/29/2017,8/30/2017,8/30/2017,2
1102,1317,4,8/29/2017,8/31/2017,8/31/2017,2
1103,1394,4,8/31/2017,9/2/2017,9/2/2017,2
1104,268,4,9/1/2017,9/4/2017,9/3/2017,2
1105,747,4,9/1/2017,9/4/2017,9/3/2017,3
1106,1009,4,9/2/2017,9/4/2017,9/4/2017,2
1107,1424,4,9/2/2017,9/5/2017,9/5/2017,2
1108,735,4,9/3/2017,9/5/2017,9/4/2017,1
1109,23,4,9/3/2017,9/4/2017,9/4/2017,2
1110,912,4,9/4/2017,9/7/2017,9/7/2017,2
1111,930,4,9/4/2017,9/6/2017,9/5/2017,2
1112,798,4,9/5/2017,9/8/2017,9/7/2017,2
1113,388,4,9/6/2017,9/8/2017,9/7/2017,2
1114,1036,4,9/6/2017,9/8/2017,9/8/2017,2
1115,1100,4,9/7/2017,9/9/2017,9/9/2017,2
1116,52,4,9/8/2017,9/10/2017,9/10/2017,2
1117,334,4,9/8/2017,9/10/2017,9/10/2017,2
1118,1023,4,9/8/2017,9/11/2017,9/11/2017,2
1119,749,4,9/10/2017,9/12/2017,9/13/2017,1
1120,1269,4,9/10/2017,9/12/2017,9/13/2017,2
1121,143,4,9/11/2017,9/13/2017,9/12/2017,2
1122,1132,4,9/12/2017,9/14/2017,9/14/2017,2
1123,598,4,9/13/2017,9/14/2017,9/14/2017,2
1124,275,4,9/13/2017,9/14/2017,9/16/2017,3
1125,945,4,9/14/2017,9/15/2017,9/15/2017,2
1126,1213,4,9/14/2017,9/16/2017,9/15/2017,3
1127,494,4,9/15/2017,9/16/2017,9/16/2017,2
1128,936,4,9/15/2017,9/17/2017,9/16/2017,2
1129,663,4,9/17/2017,9/18/2017,9/20/2017,2
1130,69,4,9/18/2017,9/20/2017,9/20/2017,1
1131,1178,4,9/18/2017,9/20/2017,9/19/2017,1
1132,351,4,9/19/2017,9/20/2017,9/20/2017,2
1133,517,4,9/19/2017,9/21/2017,9/21/2017,2
1134,978,4,9/19/2017,9/22/2017,9/20/2017,2
1135,1347,4,9/19/2017,9/21/2017,9/20/2017,2
1136,1050,4,9/20/2017,9/21/2017,9/21/2017,2
1137,810,4,9/20/2017,9/23/2017,9/23/2017,3
1138,254,4,9/21/2017,9/23/2017,9/22/2017,1
1139,1006,4,9/21/2017,9/22/2017,9/23/2017,1
1140,1063,4,9/21/2017,9/22/2017,9/22/2017,3
1141,1076,4,9/22/2017,9/23/2017,9/24/2017,1
1142,554,4,9/23/2017,9/26/2017,9/26/2017,1
1143,1087,4,9/24/2017,9/26/2017,9/27/2017,1
1144,1414,4,9/24/2017,9/27/2017,9/27/2017,2
1145,617,4,9/25/2017,9/27/2017,9/26/2017,2
1146,757,4,9/25/2017,9/26/2017,9/28/2017,2
1147,1344,4,9/25/2017,9/26/2017,9/27/2017,2
1148,1379,4,9/25/2017,9/26/2017,9/27/2017,2
1149,787,4,9/27/2017,9/30/2017,9/30/2017,2
1150,1183,4,9/28/2017,10/1/2017,9/30/2017,2
1151,708,4,9/29/2017,9/30/2017,9/30/2017,1
1152,1244,4,9/29/2017,10/2/2017,10/1/2017,2
1153,720,4,9/30/2017,10/3/2017,10/3/2017,2
1154,789,4,9/30/2017,10/3/2017,10/3/2017,2
1155,865,4,9/30/2017,10/1/2017,10/1/2017,2
1156,869,4,9/30/2017,10/3/2017,10/3/2017,2
1157,24,4,10/1/2017,10/3/2017,10/4/2017,1
1158,889,4,10/1/2017,10/3/2017,10/2/2017,1
1159,1221,4,10/1/2017,10/2/2017,10/3/2017,1
1160,1262,4,10/1/2017,10/2/2017,10/4/2017,1
1161,41,4,10/1/2017,10/4/2017,10/2/2017,2
1162,888,4,10/1/2017,10/3/2017,10/3/2017,2
1163,934,4,10/1/2017,10/2/2017,10/2/2017,2
1164,1067,4,10/1/2017,10/2/2017,10/3/2017,2
1165,652,4,10/2/2017,10/3/2017,10/5/2017,2
1166,286,4,10/3/2017,10/4/2017,10/4/2017,2
1167,900,4,10/4/2017,10/7/2017,10/6/2017,1
1168,1031,4,10/4/2017,10/5/2017,10/6/2017,2
1169,1421,4,10/4/2017,10/6/2017,10/7/2017,2
1170,534,4,10/5/2017,10/7/2017,10/6/2017,2
1171,826,4,10/5/2017,10/6/2017,10/8/2017,2
1172,1339,4,10/7/2017,10/10/2017,10/9/2017,2
1173,548,4,10/8/2017,10/10/2017,10/9/2017,2
1174,1109,4,10/8/2017,10/10/2017,10/11/2017,2
1175,292,4,10/9/2017,10/11/2017,10/12/2017,2
1176,1111,4,10/10/2017,10/13/2017,10/11/2017,3
1177,21,3,10/12/2017,10/12/2017,NULL,3
1178,771,4,10/12/2017,10/15/2017,10/13/2017,2
1179,1150,4,10/12/2017,10/15/2017,10/15/2017,3
1180,1065,4,10/13/2017,10/16/2017,10/16/2017,1
1181,1022,4,10/13/2017,10/16/2017,10/15/2017,2
1182,1422,4,10/13/2017,10/14/2017,10/16/2017,2
1183,216,4,10/14/2017,10/17/2017,10/17/2017,2
1184,369,4,10/14/2017,10/15/2017,10/16/2017,2
1185,960,4,10/14/2017,10/16/2017,10/17/2017,2
1186,1120,4,10/14/2017,10/16/2017,10/15/2017,2
1187,486,4,10/15/2017,10/18/2017,10/16/2017,2
1188,647,4,10/15/2017,10/18/2017,10/17/2017,2
1189,1090,4,10/15/2017,10/17/2017,10/18/2017,2
1190,34,4,10/16/2017,10/19/2017,10/17/2017,2
1191,186,4,10/17/2017,10/18/2017,10/18/2017,2
1192,1114,4,10/17/2017,10/19/2017,10/18/2017,2
1193,1412,4,10/17/2017,10/19/2017,10/19/2017,2
1194,192,4,10/19/2017,10/22/2017,10/22/2017,1
1195,229,4,10/19/2017,10/21/2017,10/21/2017,2
1196,508,4,10/19/2017,10/21/2017,10/20/2017,2
1197,269,4,10/21/2017,10/23/2017,10/23/2017,2
1198,1289,4,10/22/2017,10/24/2017,10/24/2017,2
1199,318,4,10/23/2017,10/24/2017,10/26/2017,1
1200,48,4,10/23/2017,10/25/2017,10/26/2017,2
1201,201,4,10/23/2017,10/24/2017,10/24/2017,2
1202,593,4,10/24/2017,10/25/2017,10/25/2017,2
1203,1191,4,10/25/2017,10/27/2017,10/26/2017,2
1204,1277,4,10/25/2017,10/28/2017,10/28/2017,2
1205,1091,4,10/26/2017,10/28/2017,10/28/2017,1
1206,222,4,10/26/2017,10/29/2017,10/29/2017,2
1207,1002,4,10/26/2017,10/28/2017,10/27/2017,2
1208,1226,4,10/26/2017,10/28/2017,10/27/2017,2
1209,1342,4,10/26/2017,10/27/2017,10/29/2017,2
1210,730,4,10/26/2017,10/27/2017,10/29/2017,3
1211,19,4,10/27/2017,10/28/2017,10/29/2017,2
1212,213,4,10/27/2017,10/30/2017,10/29/2017,2
1213,669,4,10/27/2017,10/29/2017,10/29/2017,3
1214,783,4,10/28/2017,10/29/2017,10/29/2017,2
1215,807,4,10/28/2017,10/31/2017,10/30/2017,2
1216,886,4,10/28/2017,10/30/2017,10/29/2017,2
1217,1155,4,10/28/2017,10/31/2017,10/30/2017,2
1218,1017,4,10/30/2017,11/1/2017,10/31/2017,1
1219,840,4,10/30/2017,11/2/2017,11/2/2017,2
1220,803,4,10/31/2017,11/3/2017,11/3/2017,2
1221,1290,4,10/31/2017,11/2/2017,11/1/2017,2
1222,482,4,11/1/2017,11/4/2017,11/3/2017,3
1223,1207,4,11/2/2017,11/3/2017,11/3/2017,2
1224,544,4,11/3/2017,11/4/2017,11/4/2017,2
1225,768,4,11/4/2017,11/5/2017,11/7/2017,1
1226,226,4,11/4/2017,11/7/2017,11/6/2017,2
1227,702,4,11/4/2017,11/7/2017,11/6/2017,2
1228,1041,4,11/4/2017,11/6/2017,11/6/2017,2
1229,89,4,11/5/2017,11/8/2017,11/6/2017,1
1230,1107,4,11/5/2017,11/6/2017,11/7/2017,2
1231,1180,4,11/5/2017,11/7/2017,11/6/2017,2
1232,665,4,11/6/2017,11/7/2017,11/9/2017,1
1233,462,4,11/6/2017,11/7/2017,11/8/2017,2
1234,19,3,11/7/2017,11/7/2017,NULL,2
1235,210,4,11/7/2017,11/8/2017,11/9/2017,2
1236,243,4,11/8/2017,11/11/2017,11/9/2017,2
1237,571,4,11/9/2017,11/12/2017,11/11/2017,1
1238,998,4,11/9/2017,11/10/2017,11/11/2017,2
1239,1197,4,11/9/2017,11/10/2017,11/11/2017,2
1240,903,4,11/10/2017,11/11/2017,11/11/2017,2
1241,1170,4,11/10/2017,11/12/2017,11/11/2017,2
1242,303,4,11/11/2017,11/12/2017,11/12/2017,2
1243,346,4,11/11/2017,11/13/2017,11/14/2017,2
1244,333,4,11/12/2017,11/14/2017,11/13/2017,2
1245,1166,4,11/13/2017,11/16/2017,11/14/2017,2
1246,1329,4,11/13/2017,11/16/2017,11/16/2017,2
1247,426,4,11/16/2017,11/18/2017,11/17/2017,1
1248,1367,4,11/16/2017,11/17/2017,11/18/2017,1
1249,545,4,11/17/2017,11/18/2017,11/20/2017,2
1250,1188,4,11/17/2017,11/19/2017,11/18/2017,2
1251,289,4,11/17/2017,11/19/2017,11/19/2017,3
1252,110,4,11/18/2017,11/20/2017,11/21/2017,1
1253,44,4,11/18/2017,11/21/2017,11/21/2017,2
1254,1098,4,11/18/2017,11/19/2017,11/19/2017,2
1255,375,4,11/19/2017,11/20/2017,11/21/2017,2
1256,458,4,11/19/2017,11/20/2017,11/22/2017,2
1257,1136,4,11/19/2017,11/22/2017,11/20/2017,2
1258,1099,4,11/20/2017,11/21/2017,11/22/2017,2
1259,4,3,11/21/2017,11/21/2017,NULL,2
1260,1117,4,11/22/2017,11/23/2017,11/24/2017,2
1261,435,4,11/23/2017,11/25/2017,11/24/2017,2
1262,509,4,11/23/2017,11/26/2017,11/26/2017,2
1263,1408,4,11/23/2017,11/26/2017,11/26/2017,2
1264,113,4,11/24/2017,11/27/2017,11/25/2017,2
1265,950,4,11/24/2017,11/27/2017,11/27/2017,2
1266,387,4,11/25/2017,11/28/2017,11/27/2017,2
1267,467,4,11/25/2017,11/26/2017,11/26/2017,2
1268,774,4,11/26/2017,11/28/2017,11/29/2017,1
1269,1236,4,11/26/2017,11/29/2017,11/29/2017,2
1270,1388,4,11/26/2017,11/29/2017,11/29/2017,2
1271,734,4,11/27/2017,11/30/2017,11/30/2017,2
1272,935,4,11/27/2017,11/29/2017,11/30/2017,2
1273,1268,4,11/27/2017,11/29/2017,11/29/2017,2
1274,1364,4,11/28/2017,11/29/2017,12/1/2017,2
1275,165,4,11/29/2017,12/1/2017,11/30/2017,1
1276,893,4,11/30/2017,12/3/2017,12/2/2017,2
1277,227,4,12/1/2017,12/4/2017,12/2/2017,2
1278,980,4,12/1/2017,12/2/2017,12/4/2017,2
1279,1014,4,12/1/2017,12/4/2017,12/3/2017,2
1280,123,4,12/1/2017,12/3/2017,12/3/2017,3
1281,1060,4,12/2/2017,12/5/2017,12/5/2017,2
1282,320,4,12/3/2017,12/5/2017,12/5/2017,2
1283,85,4,12/4/2017,12/7/2017,12/7/2017,2
1284,128,4,12/4/2017,12/6/2017,12/7/2017,2
1285,262,4,12/4/2017,12/7/2017,12/7/2017,2
1286,1033,4,12/4/2017,12/7/2017,12/6/2017,2
1287,279,4,12/7/2017,12/10/2017,12/9/2017,1
1288,778,4,12/7/2017,12/10/2017,12/9/2017,3
1289,1292,4,12/8/2017,12/11/2017,12/10/2017,1
1290,967,4,12/8/2017,12/10/2017,12/10/2017,2
1291,1284,4,12/9/2017,12/11/2017,12/12/2017,2
1292,285,4,12/10/2017,12/13/2017,12/11/2017,2
1293,1401,4,12/10/2017,12/12/2017,12/11/2017,2
1294,947,4,12/11/2017,12/13/2017,12/14/2017,1
1295,37,4,12/11/2017,12/12/2017,12/14/2017,2
1296,231,4,12/14/2017,12/17/2017,12/15/2017,1
1297,108,4,12/14/2017,12/17/2017,12/16/2017,2
1298,533,4,12/14/2017,12/17/2017,12/16/2017,3
1299,1216,4,12/15/2017,12/18/2017,12/16/2017,1
1300,824,4,12/15/2017,12/17/2017,12/17/2017,2
1301,1088,4,12/16/2017,12/19/2017,12/19/2017,1
1302,322,4,12/16/2017,12/18/2017,12/19/2017,2
1303,878,4,12/16/2017,12/19/2017,12/18/2017,2
1304,1409,4,12/16/2017,12/17/2017,12/17/2017,2
1305,257,4,12/17/2017,12/19/2017,12/18/2017,2
1306,28,4,12/20/2017,12/21/2017,12/22/2017,2
1307,1384,4,12/22/2017,12/23/2017,12/25/2017,1
1308,713,4,12/22/2017,12/24/2017,12/24/2017,2
1309,821,4,12/22/2017,12/25/2017,12/24/2017,2
1310,444,4,12/24/2017,12/25/2017,12/26/2017,1
1311,1021,4,12/24/2017,12/26/2017,12/27/2017,2
1312,311,4,12/25/2017,12/28/2017,12/26/2017,1
1313,1294,4,12/25/2017,12/27/2017,12/27/2017,1
1314,1027,4,12/25/2017,12/26/2017,12/28/2017,2
1315,931,4,12/25/2017,12/27/2017,12/28/2017,3
1316,846,4,12/26/2017,12/29/2017,12/27/2017,1
1317,418,4,12/27/2017,12/28/2017,12/29/2017,1
1318,75,4,12/27/2017,12/30/2017,12/29/2017,2
1319,604,4,12/27/2017,12/30/2017,12/30/2017,2
1320,244,4,12/28/2017,12/30/2017,12/29/2017,1
1321,217,4,12/30/2017,12/31/2017,12/31/2017,1
1322,39,4,12/31/2017,1/3/2018,1/2/2018,2
1323,273,4,12/31/2017,1/1/2018,1/1/2018,2
1324,862,4,1/1/2018,1/4/2018,1/3/2018,2
1325,68,4,1/1/2018,1/2/2018,1/3/2018,3
1326,567,4,1/1/2018,1/3/2018,1/2/2018,3
1327,1026,4,1/2/2018,1/3/2018,1/5/2018,2
1328,1083,4,1/2/2018,1/3/2018,1/3/2018,2
1329,443,4,1/4/2018,1/5/2018,1/6/2018,1
1330,761,4,1/4/2018,1/5/2018,1/7/2018,2
1331,1122,4,1/5/2018,1/6/2018,1/8/2018,2
1332,256,4,1/6/2018,1/7/2018,1/9/2018,2
1333,203,4,1/6/2018,1/7/2018,1/7/2018,3
1334,425,4,1/7/2018,1/9/2018,1/10/2018,2
1335,955,4,1/7/2018,1/8/2018,1/8/2018,2
1336,904,4,1/9/2018,1/10/2018,1/12/2018,1
1337,970,4,1/9/2018,1/12/2018,1/12/2018,2
1338,905,4,1/10/2018,1/11/2018,1/13/2018,2
1339,580,4,1/11/2018,1/14/2018,1/13/2018,1
1340,1066,4,1/12/2018,1/13/2018,1/13/2018,1
1341,1258,4,1/12/2018,1/13/2018,1/14/2018,2
1342,1393,4,1/12/2018,1/13/2018,1/15/2018,2
1343,594,4,1/13/2018,1/15/2018,1/14/2018,2
1344,916,4,1/13/2018,1/16/2018,1/15/2018,2
1345,1037,4,1/14/2018,1/15/2018,1/15/2018,2
1346,136,4,1/14/2018,1/15/2018,1/15/2018,3
1347,247,4,1/15/2018,1/18/2018,1/18/2018,1
1348,1214,4,1/15/2018,1/17/2018,1/17/2018,1
1349,464,4,1/15/2018,1/17/2018,1/16/2018,2
1350,637,4,1/15/2018,1/18/2018,1/17/2018,2
1351,1016,4,1/16/2018,1/19/2018,1/19/2018,2
1352,1433,4,1/16/2018,1/18/2018,1/18/2018,2
1353,502,4,1/17/2018,1/19/2018,1/18/2018,2
1354,476,4,1/19/2018,1/20/2018,1/21/2018,1
1355,1010,4,1/19/2018,1/21/2018,1/20/2018,2
1356,1161,4,1/19/2018,1/21/2018,1/22/2018,2
1357,440,4,1/20/2018,1/23/2018,1/21/2018,2
1358,253,4,1/21/2018,1/23/2018,1/24/2018,1
1359,1008,4,1/21/2018,1/22/2018,1/22/2018,3
1360,71,4,1/22/2018,1/25/2018,1/24/2018,2
1361,1084,4,1/22/2018,1/24/2018,1/23/2018,2
1362,310,4,1/23/2018,1/24/2018,1/25/2018,2
1363,860,4,1/24/2018,1/25/2018,1/25/2018,2
1364,122,4,1/25/2018,1/28/2018,1/28/2018,2
1365,689,4,1/25/2018,1/28/2018,1/27/2018,2
1366,1441,4,1/26/2018,1/27/2018,1/28/2018,2
1367,1118,4,1/27/2018,1/28/2018,1/28/2018,1
1368,765,4,1/27/2018,1/28/2018,1/29/2018,2
1369,92,4,1/28/2018,1/30/2018,1/30/2018,2
1370,115,4,1/28/2018,1/29/2018,1/29/2018,2
1371,937,4,1/29/2018,1/30/2018,2/1/2018,2
1372,1013,4,1/29/2018,2/1/2018,1/30/2018,2
1373,427,4,1/29/2018,1/31/2018,1/31/2018,3
1374,1330,4,1/30/2018,2/1/2018,2/1/2018,1
1375,312,4,1/30/2018,2/1/2018,2/1/2018,3
1376,1186,4,2/1/2018,2/2/2018,2/3/2018,1
1377,1007,4,2/1/2018,2/3/2018,2/3/2018,2
1378,983,4,2/2/2018,2/5/2018,2/4/2018,1
1379,1256,4,2/2/2018,2/5/2018,2/5/2018,2
1380,818,4,2/5/2018,2/8/2018,2/8/2018,1
1381,680,4,2/5/2018,2/6/2018,2/8/2018,2
1382,1303,4,2/6/2018,2/9/2018,2/8/2018,2
1383,488,4,2/7/2018,2/8/2018,2/8/2018,1
1384,1126,4,2/8/2018,2/10/2018,2/9/2018,2
1385,866,4,2/8/2018,2/11/2018,2/9/2018,3
1386,1254,4,2/9/2018,2/10/2018,2/11/2018,1
1387,11,4,2/9/2018,2/11/2018,2/11/2018,2
1388,323,4,2/9/2018,2/12/2018,2/12/2018,2
1389,491,4,2/11/2018,2/12/2018,2/14/2018,2
1390,63,4,2/12/2018,2/13/2018,2/13/2018,2
1391,914,4,2/13/2018,2/14/2018,2/14/2018,2
1392,1187,4,2/13/2018,2/14/2018,2/14/2018,2
1393,547,4,2/14/2018,2/15/2018,2/15/2018,2
1394,906,4,2/14/2018,2/16/2018,2/16/2018,3
1395,1052,4,2/15/2018,2/18/2018,2/16/2018,1
1396,856,4,2/15/2018,2/18/2018,2/16/2018,2
1397,920,4,2/15/2018,2/17/2018,2/16/2018,2
1398,1383,4,2/16/2018,2/19/2018,2/19/2018,1
1399,146,4,2/16/2018,2/18/2018,2/18/2018,2
1400,987,4,2/17/2018,2/18/2018,2/18/2018,2
1401,15,4,2/18/2018,2/19/2018,2/20/2018,2
1402,1171,4,2/19/2018,2/21/2018,2/21/2018,2
1403,452,4,2/21/2018,2/22/2018,2/22/2018,2
1404,1240,4,2/23/2018,2/26/2018,2/24/2018,1
1405,100,4,2/25/2018,2/28/2018,2/27/2018,2
1406,1053,4,2/25/2018,2/27/2018,2/27/2018,2
1407,18,3,2/26/2018,2/26/2018,NULL,2
1408,1172,4,2/26/2018,2/27/2018,3/1/2018,2
1409,21,4,2/26/2018,2/28/2018,2/28/2018,3
1410,1005,4,2/27/2018,2/28/2018,2/28/2018,2
1411,109,4,3/1/2018,3/2/2018,3/2/2018,1
1412,1043,4,3/1/2018,3/2/2018,3/4/2018,2
1413,56,4,3/1/2018,3/3/2018,3/4/2018,3
1414,293,4,3/3/2018,3/5/2018,3/6/2018,2
1415,839,4,3/3/2018,3/4/2018,3/5/2018,2
1416,566,4,3/3/2018,3/4/2018,3/6/2018,3
1417,300,4,3/4/2018,3/6/2018,3/7/2018,1
1418,364,4,3/4/2018,3/5/2018,3/7/2018,2
1419,474,4,3/4/2018,3/7/2018,3/7/2018,2
1420,838,4,3/4/2018,3/5/2018,3/7/2018,2
1421,1176,4,3/5/2018,3/7/2018,3/7/2018,2
1422,599,4,3/5/2018,3/6/2018,3/8/2018,3
1423,1231,4,3/6/2018,3/7/2018,3/7/2018,1
1424,1445,4,3/7/2018,3/10/2018,3/10/2018,1
1425,126,4,3/7/2018,3/9/2018,3/9/2018,2
1426,938,4,3/7/2018,3/8/2018,3/10/2018,2
1427,999,4,3/7/2018,3/8/2018,3/8/2018,2
1428,195,4,3/8/2018,3/10/2018,3/11/2018,2
1429,1116,4,3/8/2018,3/9/2018,3/9/2018,2
1430,1239,4,3/10/2018,3/13/2018,3/11/2018,2
1431,308,4,3/11/2018,3/12/2018,3/14/2018,2
1432,483,4,3/11/2018,3/12/2018,3/14/2018,2
1433,1142,4,3/11/2018,3/13/2018,3/12/2018,2
1434,595,4,3/14/2018,3/16/2018,3/16/2018,2
1435,744,4,3/14/2018,3/15/2018,3/16/2018,2
1436,1044,4,3/14/2018,3/17/2018,3/16/2018,2
1437,518,4,3/15/2018,3/16/2018,3/16/2018,1
1438,263,4,3/15/2018,3/17/2018,3/16/2018,2
1439,463,4,3/15/2018,3/16/2018,3/17/2018,2
1440,859,4,3/15/2018,3/18/2018,3/16/2018,3
1441,982,4,3/15/2018,3/16/2018,3/18/2018,3
1442,478,4,3/16/2018,3/17/2018,3/17/2018,2
1443,972,4,3/16/2018,3/17/2018,3/17/2018,2
1444,1154,4,3/16/2018,3/17/2018,3/19/2018,2
1445,515,4,3/17/2018,3/18/2018,3/20/2018,2
1446,820,4,3/17/2018,3/18/2018,3/18/2018,2
1447,1419,4,3/18/2018,3/20/2018,3/20/2018,1
1448,228,4,3/18/2018,3/19/2018,3/21/2018,2
1449,330,4,3/18/2018,3/19/2018,3/20/2018,2
1450,296,4,3/19/2018,3/20/2018,3/22/2018,2
1451,822,4,3/19/2018,3/22/2018,3/20/2018,2
1452,287,4,3/20/2018,3/23/2018,3/23/2018,1
1453,601,4,3/20/2018,3/23/2018,3/22/2018,1
1454,395,4,3/20/2018,3/21/2018,3/22/2018,2
1455,405,4,3/20/2018,3/22/2018,3/21/2018,2
1456,754,4,3/20/2018,3/21/2018,3/23/2018,2
1457,1411,4,3/20/2018,3/23/2018,3/23/2018,2
1458,1029,4,3/20/2018,3/22/2018,3/21/2018,3
1459,9,4,3/21/2018,3/22/2018,3/22/2018,2
1460,1131,4,3/21/2018,3/23/2018,3/23/2018,2
1461,139,4,3/22/2018,3/25/2018,3/23/2018,2
1462,1101,4,3/22/2018,3/24/2018,3/24/2018,2
1463,692,4,3/23/2018,3/24/2018,3/24/2018,2
1464,1279,4,3/24/2018,3/25/2018,3/25/2018,2
1465,623,4,3/25/2018,3/28/2018,3/28/2018,2
1466,738,4,3/26/2018,3/29/2018,3/28/2018,1
1467,152,4,3/26/2018,3/27/2018,3/29/2018,2
1468,3,4,3/27/2018,3/30/2018,3/29/2018,1
1469,1135,4,3/27/2018,3/28/2018,3/30/2018,3
1470,505,4,3/28/2018,3/31/2018,3/31/2018,2
1471,1310,4,3/28/2018,3/30/2018,3/29/2018,2
1472,114,4,3/29/2018,3/30/2018,3/31/2018,2
1473,302,4,3/30/2018,4/1/2018,4/2/2018,1
1474,816,4,3/30/2018,4/1/2018,4/2/2018,1
1475,112,4,3/30/2018,4/1/2018,3/31/2018,2
1476,35,4,3/31/2018,4/1/2018,4/1/2018,2
1477,180,4,3/31/2018,4/3/2018,4/1/2018,2
1478,392,4,3/31/2018,4/2/2018,4/2/2018,2
1479,23,2,4/1/2018,4/1/2018,NULL,2
1480,27,2,4/1/2018,4/1/2018,NULL,2
1481,62,1,4/1/2018,4/1/2018,NULL,2
1482,94,1,4/1/2018,4/1/2018,NULL,2
1483,15,1,4/2/2018,4/2/2018,NULL,2
1484,35,2,4/2/2018,4/2/2018,NULL,2
1485,51,2,4/2/2018,4/2/2018,NULL,2
1486,84,2,4/2/2018,4/2/2018,NULL,2
1487,33,1,4/3/2018,4/3/2018,NULL,1
1488,181,2,4/3/2018,4/3/2018,NULL,1
1489,194,1,4/3/2018,4/3/2018,NULL,1
1490,217,2,4/3/2018,4/3/2018,NULL,1
1491,82,1,4/4/2018,4/4/2018,NULL,1
1492,41,1,4/4/2018,4/4/2018,NULL,2
1493,64,2,4/4/2018,4/4/2018,NULL,3
1494,69,2,4/5/2018,4/5/2018,NULL,1
1495,86,2,4/5/2018,4/5/2018,NULL,2
1496,3,1,4/6/2018,4/6/2018,NULL,1
1497,31,2,4/6/2018,4/6/2018,NULL,1
1498,81,1,4/6/2018,4/6/2018,NULL,1
1499,120,2,4/6/2018,4/6/2018,NULL,1
1500,151,2,4/6/2018,4/6/2018,NULL,1
1501,52,1,4/6/2018,4/6/2018,NULL,2
1502,83,2,4/6/2018,4/6/2018,NULL,2
1503,208,2,4/7/2018,4/7/2018,NULL,1
1504,237,2,4/8/2018,4/8/2018,NULL,1
1505,22,1,4/8/2018,4/8/2018,NULL,2
1506,75,1,4/8/2018,4/8/2018,NULL,2
1507,85,2,4/8/2018,4/8/2018,NULL,2
1508,92,2,4/8/2018,4/8/2018,NULL,2
1509,2,1,4/9/2018,4/9/2018,NULL,1
1510,16,2,4/9/2018,4/9/2018,NULL,2
1511,25,1,4/9/2018,4/9/2018,NULL,2
1512,68,1,4/9/2018,4/9/2018,NULL,3
1513,32,2,4/10/2018,4/10/2018,NULL,1
1514,87,2,4/10/2018,4/10/2018,NULL,1
1515,61,1,4/10/2018,4/10/2018,NULL,3
1516,47,2,4/11/2018,4/11/2018,NULL,1
1517,97,1,4/11/2018,4/11/2018,NULL,1
1518,175,1,4/11/2018,4/11/2018,NULL,1
1519,26,2,4/11/2018,4/11/2018,NULL,2
1520,66,2,4/11/2018,4/11/2018,NULL,3
1521,53,1,4/12/2018,4/12/2018,NULL,1
1522,78,1,4/12/2018,4/12/2018,NULL,1
1523,8,1,4/12/2018,4/12/2018,NULL,2
1524,37,1,4/12/2018,4/12/2018,NULL,2
1525,38,2,4/12/2018,4/12/2018,NULL,2
1526,59,2,4/12/2018,4/12/2018,NULL,2
1527,13,2,4/12/2018,4/12/2018,NULL,3
1528,20,1,4/12/2018,4/12/2018,NULL,3
1529,50,1,4/12/2018,4/12/2018,NULL,3
1530,110,1,4/13/2018,4/13/2018,NULL,1
1531,233,1,4/13/2018,4/13/2018,NULL,1
1532,7,2,4/13/2018,4/13/2018,NULL,2
1533,28,2,4/13/2018,4/13/2018,NULL,2
1534,18,2,4/14/2018,4/14/2018,NULL,2
1535,19,2,4/14/2018,4/14/2018,NULL,2
1536,34,2,4/14/2018,4/14/2018,NULL,2
1537,36,1,4/15/2018,4/15/2018,NULL,2
1538,79,2,4/15/2018,4/15/2018,NULL,2
1539,116,1,4/15/2018,4/15/2018,NULL,3
1540,187,1,4/16/2018,4/16/2018,NULL,1
1541,10,2,4/16/2018,4/16/2018,NULL,2
1542,58,2,4/16/2018,4/16/2018,NULL,2
1543,76,1,4/16/2018,4/16/2018,NULL,2
1544,5,1,4/17/2018,4/17/2018,NULL,1
1545,67,1,4/17/2018,4/17/2018,NULL,1
1546,91,2,4/17/2018,4/17/2018,NULL,1
1547,169,1,4/17/2018,4/17/2018,NULL,1
1548,170,1,4/17/2018,4/17/2018,NULL,1
1549,17,1,4/17/2018,4/17/2018,NULL,2
1550,39,1,4/17/2018,4/17/2018,NULL,2
1551,70,1,4/17/2018,4/17/2018,NULL,2
1552,73,1,4/17/2018,4/17/2018,NULL,2
1553,30,2,4/18/2018,4/18/2018,NULL,1
1554,172,1,4/18/2018,4/18/2018,NULL,1
1555,1,1,4/18/2018,4/18/2018,NULL,2
1556,4,2,4/18/2018,4/18/2018,NULL,2
1557,121,2,4/19/2018,4/19/2018,NULL,1
1558,63,1,4/19/2018,4/19/2018,NULL,2
1559,42,2,4/20/2018,4/20/2018,NULL,2
1560,57,1,4/20/2018,4/20/2018,NULL,2
1561,65,2,4/20/2018,4/20/2018,NULL,2
1562,88,1,4/20/2018,4/20/2018,NULL,2
1563,77,2,4/20/2018,4/20/2018,NULL,3
1564,46,1,4/21/2018,4/21/2018,NULL,1
1565,60,2,4/21/2018,4/21/2018,NULL,1
1566,72,1,4/21/2018,4/21/2018,NULL,1
1567,89,2,4/21/2018,4/21/2018,NULL,1
1568,192,2,4/21/2018,4/21/2018,NULL,1
1569,29,2,4/22/2018,4/22/2018,NULL,2
1570,54,2,4/22/2018,4/22/2018,NULL,2
1571,80,1,4/22/2018,4/22/2018,NULL,2
1572,14,1,4/22/2018,4/22/2018,NULL,3
1573,24,2,4/23/2018,4/23/2018,NULL,1
1574,124,1,4/23/2018,4/23/2018,NULL,1
1575,224,2,4/23/2018,4/23/2018,NULL,1
1576,12,2,4/23/2018,4/23/2018,NULL,2
1577,48,1,4/23/2018,4/23/2018,NULL,2
1578,93,2,4/23/2018,4/23/2018,NULL,2
1579,104,2,4/24/2018,4/24/2018,NULL,1
1580,191,2,4/24/2018,4/24/2018,NULL,1
1581,188,2,4/25/2018,4/25/2018,NULL,1
1582,240,1,4/25/2018,4/25/2018,NULL,1
1583,44,1,4/25/2018,4/25/2018,NULL,2
1584,109,2,4/26/2018,4/26/2018,NULL,1
1585,157,1,4/26/2018,4/26/2018,NULL,1
1586,176,1,4/26/2018,4/26/2018,NULL,1
1587,231,2,4/26/2018,4/26/2018,NULL,1
1588,11,1,4/26/2018,4/26/2018,NULL,2
1589,40,2,4/27/2018,4/27/2018,NULL,1
1590,138,1,4/27/2018,4/27/2018,NULL,1
1591,165,2,4/27/2018,4/27/2018,NULL,1
1592,6,2,4/27/2018,4/27/2018,NULL,2
1593,9,1,4/27/2018,4/27/2018,NULL,2
1594,45,1,4/28/2018,4/28/2018,NULL,2
1595,71,2,4/28/2018,4/28/2018,NULL,2
1596,21,2,4/28/2018,4/28/2018,NULL,3
1597,56,1,4/28/2018,4/28/2018,NULL,3
1598,239,2,4/29/2018,4/29/2018,NULL,1
1599,49,1,4/29/2018,4/29/2018,NULL,2
1600,90,1,4/29/2018,4/29/2018,NULL,2
1601,43,1,4/29/2018,4/29/2018,NULL,3
1602,55,1,4/30/2018,4/30/2018,NULL,2
1603,74,2,4/30/2018,4/30/2018,NULL,2
1604,7,3,6/17/2018,6/17/2018,NULL,2
1605,123,3,7/1/2018,7/1/2018,NULL,3
1606,119,3,7/10/2018,7/10/2018,NULL,3
1607,33,3,7/11/2018,7/11/2018,NULL,1
1608,53,3,7/12/2018,7/12/2018,NULL,1
1609,10,3,8/23/2018,8/23/2018,NULL,2
1610,15,3,8/25/2018,8/25/2018,NULL,2
1611,6,3,9/6/2018,9/6/2018,NULL,2
1612,3,3,10/21/2018,10/21/2018,NULL,1
1613,1,3,11/18/2018,11/18/2018,NULL,2
1614,135,3,11/28/2018,11/28/2018,NULL,3
1615,136,3,12/28/2018,12/28/2018,NULL,3
